ref_1,A_1,C_1,G_1,T_1,call_1,ref_2,A_2,C_2,G_2,T_2,call_2
C,0.122,0.428,0.039,0.127,C,T,0.022,0.006,0.06,0.358,T
T,0.155,0.138,0.102,0.68,T,C,0.186,0.39,0.107,0.004,C
T,0.071,0.053,0.186,0.587,T,A,0.503,0.137,0.019,0.013,A
C,0.101,0.33,0.021,0.088,C,T,0.167,0.193,0.149,0.457,T
A,0.363,0.189,0.114,0.004,A,A,0.47,0.018,0.006,0.004,A
G,0.005,0.099,0.506,0.11,G,T,0.119,0.003,0.081,0.679,T
T,0.089,0.159,0.184,0.516,T,G,0.12,0.178,0.546,0.172,G
C,0.0,0.592,0.162,0.045,C,C,0.175,0.374,0.128,0.084,C
A,0.463,0.199,0.105,0.023,A,G,0.152,0.191,0.68,0.146,G
G,0.141,0.06,0.692,0.115,G,A,0.1,0.092,0.026,0.017,A
G,0.145,0.173,0.441,0.02,G,T,0.014,0.066,0.129,0.595,T
G,0.158,0.19,0.681,0.167,G,A,0.031,0.061,0.063,0.172,T
G,0.064,0.062,0.47,0.099,G,T,0.053,0.096,0.132,0.369,T
C,0.066,0.48,0.156,0.037,C,C,0.006,0.388,0.045,0.101,C
G,0.188,0.103,0.378,0.166,G,C,0.102,0.3,0.131,0.048,C
G,0.071,0.06,0.317,0.036,G,T,0.037,0.187,0.102,0.313,T
A,0.354,0.128,0.074,0.116,A,A,0.692,0.134,0.133,0.158,A
C,0.174,0.343,0.166,0.133,C,A,0.443,0.09,0.115,0.139,A
A,0.687,0.186,0.009,0.013,A,G,0.025,0.088,0.677,0.026,G
A,0.685,0.168,0.09,0.132,A,T,0.105,0.173,0.144,0.647,T
G,0.189,0.122,0.353,0.096,G,A,0.449,0.095,0.006,0.179,A
A,0.57,0.039,0.113,0.119,A,T,0.033,0.077,0.101,0.338,T
G,0.086,0.154,0.596,0.15,G,A,0.353,0.133,0.047,0.119,A
A,0.321,0.003,0.143,0.123,A,G,0.092,0.01,0.617,0.134,G
A,0.621,0.074,0.135,0.042,A,T,0.074,0.118,0.143,0.526,T
G,0.113,0.197,0.431,0.014,G,T,0.074,0.014,0.068,0.596,T
G,0.048,0.096,0.469,0.079,G,C,0.162,0.572,0.049,0.142,C
A,0.682,0.19,0.132,0.065,A,A,0.429,0.12,0.052,0.097,A
T,0.071,0.154,0.18,0.603,T,C,0.171,0.674,0.018,0.017,C
T,0.064,0.135,0.08,0.418,T,C,0.019,0.521,0.028,0.171,C
C,0.141,0.612,0.083,0.113,C,A,0.517,0.066,0.019,0.118,A
G,0.141,0.164,0.489,0.077,G,T,0.132,0.099,0.01,0.496,T
A,0.478,0.108,0.156,0.136,A,T,0.195,0.022,0.105,0.658,T
C,0.079,0.503,0.136,0.035,C,G,0.144,0.198,0.433,0.176,G
G,0.188,0.014,0.447,0.166,G,A,0.0,0.0,0.0,0.0,N
G,0.195,0.086,0.652,0.066,G,A,0.695,0.147,0.029,0.108,A
C,0.013,0.378,0.186,0.169,C,T,0.01,0.002,0.172,0.312,T
A,0.635,0.149,0.045,0.137,A,C,0.005,0.579,0.194,0.049,C
T,0.073,0.179,0.087,0.332,T,A,0.412,0.057,0.117,0.14,A
G,0.019,0.101,0.649,0.117,G,A,0.64,0.153,0.178,0.087,A
G,0.095,0.152,0.472,0.095,G,C,0.149,0.309,0.001,0.028,C
G,0.092,0.166,0.671,0.067,G,C,0.171,0.314,0.138,0.198,C
T,0.181,0.141,0.052,0.63,T,A,0.664,0.014,0.141,0.004,A
G,0.198,0.091,0.525,0.144,G,A,0.025,0.163,0.07,0.028,C
T,0.087,0.117,0.15,0.343,T,A,0.467,0.184,0.05,0.097,A
T,0.0,0.0,0.0,0.0,N,T,0.154,0.154,0.149,0.657,T
A,0.61,0.179,0.019,0.02,A,T,0.045,0.192,0.184,0.379,T
G,0.159,0.194,0.338,0.007,G,T,0.069,0.03,0.078,0.498,T
A,0.63,0.07,0.118,0.055,A,A,0.525,0.059,0.173,0.105,A
T,0.02,0.035,0.175,0.567,T,G,0.059,0.055,0.478,0.142,G
T,0.145,0.115,0.084,0.595,T,T,0.186,0.085,0.042,0.386,T
C,0.133,0.302,0.078,0.178,C,C,0.136,0.695,0.167,0.048,C
T,0.011,0.141,0.036,0.364,T,A,0.471,0.152,0.191,0.133,A
C,0.139,0.306,0.154,0.168,C,G,0.008,0.033,0.41,0.079,G
C,0.158,0.66,0.044,0.162,C,C,0.069,0.458,0.162,0.179,C
T,0.14,0.036,0.099,0.657,T,C,0.145,0.386,0.178,0.007,C
G,0.084,0.164,0.364,0.071,G,G,0.004,0.003,0.396,0.004,G
C,0.011,0.49,0.098,0.107,C,G,0.149,0.127,0.381,0.2,G
T,0.105,0.127,0.004,0.341,T,A,0.544,0.1,0.131,0.079,A
T,0.095,0.02,0.03,0.471,T,A,0.606,0.04,0.055,0.032,A
C,0.194,0.376,0.044,0.062,C,G,0.047,0.107,0.357,0.042,G
G,0.066,0.099,0.656,0.092,G,C,0.113,0.618,0.057,0.172,C
G,0.094,0.094,0.606,0.157,G,A,0.103,0.118,0.037,0.123,C
T,0.021,0.185,0.19,0.413,T,C,0.094,0.687,0.128,0.064,C
T,0.0,0.131,0.189,0.638,T,C,0.056,0.175,0.191,0.165,G
A,0.318,0.005,0.145,0.043,A,C,0.086,0.559,0.119,0.042,C
G,0.022,0.131,0.395,0.053,G,G,0.177,0.029,0.526,0.046,G
G,0.187,0.044,0.52,0.087,G,A,0.036,0.045,0.096,0.185,T
C,0.002,0.56,0.037,0.172,C,T,0.136,0.181,0.067,0.569,T
A,0.478,0.017,0.033,0.072,A,G,0.12,0.104,0.457,0.063,G
C,0.045,0.501,0.005,0.177,C,A,0.418,0.018,0.184,0.143,A
C,0.119,0.549,0.185,0.124,C,T,0.073,0.149,0.052,0.67,T
T,0.145,0.114,0.094,0.685,T,C,0.197,0.483,0.092,0.173,C
A,0.69,0.148,0.188,0.139,A,G,0.103,0.049,0.407,0.188,G
C,0.019,0.469,0.147,0.121,C,C,0.096,0.589,0.001,0.143,C
C,0.033,0.559,0.152,0.182,C,T,0.149,0.029,0.16,0.461,T
C,0.108,0.627,0.059,0.068,C,T,0.167,0.15,0.099,0.405,T
C,0.199,0.461,0.038,0.07,C,A,0.654,0.174,0.031,0.024,A
T,0.043,0.007,0.097,0.561,T,T,0.153,0.028,0.18,0.562,T
T,0.051,0.169,0.022,0.646,T,G,0.169,0.076,0.581,0.139,G
A,0.623,0.002,0.008,0.105,A,T,0.155,0.182,0.156,0.385,T
G,0.173,0.116,0.639,0.013,G,G,0.043,0.049,0.361,0.175,G
C,0.126,0.692,0.137,0.183,C,G,0.14,0.065,0.461,0.028,G
T,0.138,0.019,0.169,0.682,T,A,0.437,0.109,0.144,0.148,A
T,0.085,0.189,0.021,0.474,T,C,0.172,0.476,0.123,0.129,C
A,0.55,0.187,0.009,0.122,A,G,0.068,0.116,0.668,0.117,G
A,0.515,0.195,0.088,0.023,A,G,0.019,0.153,0.368,0.086,G
C,0.171,0.649,0.0,0.174,C,T,0.15,0.13,0.146,0.575,T
T,0.132,0.088,0.12,0.646,T,G,0.103,0.046,0.623,0.128,G
A,0.558,0.134,0.15,0.146,A,C,0.027,0.592,0.067,0.125,C
A,0.651,0.027,0.19,0.024,A,T,0.155,0.136,0.178,0.351,T
T,0.138,0.053,0.028,0.466,T,C,0.122,0.571,0.18,0.063,C
C,0.024,0.578,0.051,0.046,C,T,0.162,0.051,0.169,0.455,T
G,0.017,0.057,0.585,0.058,G,C,0.033,0.65,0.018,0.115,C
A,0.573,0.026,0.132,0.046,A,A,0.637,0.018,0.098,0.08,A
A,0.129,0.026,0.138,0.099,G,C,0.046,0.596,0.022,0.018,C
A,0.581,0.051,0.159,0.096,A,G,0.102,0.125,0.434,0.09,G
G,0.186,0.027,0.638,0.151,G,C,0.005,0.664,0.024,0.088,C
G,0.033,0.134,0.524,0.192,G,A,0.146,0.074,0.192,0.057,G
G,0.0,0.0,0.0,0.0,N,G,0.088,0.146,0.429,0.062,G
A,0.461,0.05,0.105,0.011,A,C,0.099,0.497,0.07,0.063,C
T,0.077,0.193,0.037,0.607,T,C,0.188,0.658,0.199,0.123,C
A,0.483,0.011,0.014,0.07,A,G,0.169,0.071,0.427,0.179,G
A,0.487,0.099,0.164,0.035,A,C,0.121,0.501,0.153,0.118,C
G,0.006,0.182,0.596,0.172,G,T,0.131,0.137,0.16,0.322,T
C,0.07,0.379,0.138,0.07,C,T,0.152,0.117,0.005,0.636,T
C,0.02,0.688,0.177,0.089,C,A,0.567,0.162,0.088,0.083,A
G,0.173,0.056,0.401,0.115,G,G,0.077,0.015,0.458,0.136,G
C,0.133,0.389,0.03,0.071,C,T,0.175,0.122,0.059,0.439,T
G,0.039,0.022,0.6,0.112,G,T,0.048,0.119,0.169,0.571,T
A,0.581,0.086,0.174,0.04,A,A,0.663,0.105,0.195,0.035,A
G,0.16,0.064,0.338,0.005,G,G,0.165,0.014,0.694,0.174,G
G,0.02,0.028,0.627,0.131,G,A,0.613,0.199,0.199,0.125,A
G,0.0,0.0,0.0,0.0,N,G,0.0,0.051,0.365,0.063,G
C,0.056,0.315,0.088,0.073,C,T,0.177,0.148,0.034,0.329,T
G,0.034,0.028,0.683,0.051,G,C,0.064,0.396,0.09,0.009,C
G,0.099,0.1,0.693,0.047,G,G,0.02,0.093,0.634,0.189,G
T,0.164,0.187,0.154,0.435,T,G,0.121,0.13,0.49,0.124,G
G,0.031,0.126,0.632,0.148,G,A,0.098,0.049,0.027,0.003,A
T,0.189,0.186,0.006,0.578,T,A,0.689,0.009,0.16,0.05,A
C,0.133,0.482,0.123,0.032,C,T,0.175,0.131,0.073,0.354,T
G,0.016,0.135,0.35,0.152,G,T,0.11,0.061,0.03,0.462,T
G,0.195,0.129,0.697,0.159,G,A,0.442,0.149,0.011,0.116,A
A,0.645,0.177,0.024,0.091,A,C,0.04,0.676,0.192,0.108,C
T,0.181,0.055,0.15,0.374,T,G,0.004,0.088,0.372,0.094,G
T,0.035,0.042,0.086,0.382,T,C,0.18,0.485,0.157,0.03,C
T,0.123,0.073,0.104,0.417,T,A,0.564,0.015,0.008,0.166,A
G,0.035,0.06,0.411,0.102,G,A,0.029,0.061,0.105,0.117,G
T,0.13,0.144,0.112,0.519,T,G,0.154,0.076,0.461,0.195,G
T,0.031,0.186,0.086,0.665,T,C,0.038,0.61,0.122,0.197,C
T,0.146,0.181,0.113,0.431,T,C,0.071,0.693,0.165,0.117,C
T,0.166,0.018,0.159,0.655,T,G,0.168,0.125,0.559,0.114,G
T,0.087,0.105,0.094,0.502,T,A,0.576,0.075,0.199,0.131,A
A,0.503,0.04,0.026,0.137,A,T,0.106,0.183,0.048,0.524,T
C,0.167,0.425,0.127,0.061,C,C,0.156,0.301,0.176,0.027,C
C,0.193,0.396,0.071,0.067,C,G,0.107,0.053,0.624,0.035,G
A,0.357,0.198,0.169,0.142,A,T,0.033,0.191,0.197,0.613,T
T,0.131,0.157,0.087,0.45,T,A,0.61,0.114,0.059,0.038,A
T,0.014,0.108,0.139,0.542,T,C,0.177,0.333,0.071,0.097,C
T,0.112,0.177,0.188,0.357,T,C,0.021,0.56,0.157,0.116,C
T,0.044,0.03,0.003,0.038,N,A,0.371,0.108,0.007,0.172,A
T,0.164,0.127,0.117,0.42,T,G,0.0,0.0,0.0,0.0,N
A,0.586,0.053,0.008,0.011,A,G,0.2,0.177,0.672,0.028,G
G,0.117,0.079,0.539,0.013,G,C,0.041,0.579,0.074,0.088,C
A,0.646,0.037,0.116,0.047,A,C,0.17,0.475,0.06,0.148,C
T,0.085,0.054,0.115,0.614,T,G,0.11,0.134,0.354,0.132,G
A,0.129,0.195,0.11,0.164,C,G,0.028,0.065,0.494,0.183,G
G,0.168,0.003,0.379,0.123,G,A,0.0,0.0,0.0,0.0,N
C,0.001,0.511,0.087,0.178,C,C,0.199,0.564,0.199,0.154,C
A,0.486,0.154,0.018,0.042,A,A,0.482,0.09,0.052,0.009,A
A,0.497,0.142,0.116,0.086,A,C,0.107,0.694,0.033,0.01,C
A,0.677,0.053,0.136,0.153,A,A,0.414,0.036,0.057,0.062,A
A,0.699,0.004,0.035,0.184,A,G,0.111,0.035,0.356,0.184,G
T,0.169,0.091,0.157,0.369,T,C,0.111,0.389,0.088,0.049,C
T,0.089,0.127,0.019,0.618,T,T,0.039,0.049,0.109,0.664,T
C,0.085,0.378,0.09,0.067,C,C,0.193,0.403,0.034,0.065,C
C,0.057,0.603,0.097,0.173,C,T,0.0,0.055,0.022,0.625,T
G,0.13,0.089,0.319,0.046,G,A,0.017,0.008,0.001,0.131,T
T,0.184,0.166,0.118,0.628,T,G,0.148,0.191,0.457,0.152,G
G,0.029,0.181,0.54,0.126,G,G,0.183,0.01,0.651,0.027,G
C,0.141,0.352,0.167,0.186,C,G,0.012,0.111,0.646,0.095,G
G,0.11,0.09,0.415,0.197,G,A,0.184,0.037,0.196,0.092,G
C,0.091,0.498,0.119,0.097,C,G,0.113,0.147,0.446,0.074,G
G,0.052,0.043,0.487,0.138,G,G,0.045,0.175,0.66,0.056,G
A,0.458,0.157,0.135,0.092,A,C,0.141,0.68,0.132,0.155,C
C,0.124,0.421,0.154,0.186,C,A,0.488,0.182,0.169,0.018,A
C,0.028,0.015,0.158,0.035,G,G,0.006,0.176,0.436,0.151,G
C,0.198,0.615,0.032,0.195,C,A,0.674,0.059,0.006,0.043,A
C,0.045,0.415,0.001,0.167,C,G,0.024,0.185,0.558,0.148,G
T,0.182,0.018,0.134,0.491,T,A,0.415,0.075,0.085,0.004,A
C,0.065,0.563,0.063,0.164,C,A,0.366,0.076,0.076,0.01,A
A,0.429,0.002,0.081,0.14,A,G,0.182,0.165,0.451,0.136,G
G,0.175,0.075,0.535,0.113,G,G,0.154,0.127,0.68,0.184,G
A,0.665,0.16,0.061,0.165,A,G,0.017,0.185,0.626,0.164,G
T,0.149,0.192,0.145,0.648,T,C,0.017,0.575,0.115,0.006,C
G,0.133,0.098,0.38,0.166,G,T,0.102,0.007,0.019,0.503,T
C,0.056,0.477,0.002,0.019,C,C,0.083,0.609,0.091,0.047,C
A,0.303,0.049,0.021,0.086,A,G,0.103,0.008,0.55,0.075,G
G,0.172,0.059,0.347,0.195,G,A,0.197,0.022,0.14,0.108,A
G,0.131,0.032,0.648,0.121,G,C,0.103,0.454,0.175,0.12,C
G,0.126,0.129,0.42,0.189,G,A,0.669,0.174,0.074,0.012,A
T,0.061,0.02,0.174,0.058,G,A,0.687,0.164,0.05,0.032,A
C,0.141,0.414,0.047,0.024,C,A,0.355,0.08,0.027,0.034,A
G,0.188,0.024,0.481,0.179,G,C,0.141,0.386,0.164,0.133,C
T,0.093,0.084,0.051,0.559,T,A,0.484,0.05,0.169,0.078,A
C,0.127,0.484,0.128,0.154,C,A,0.691,0.196,0.121,0.008,A
C,0.137,0.588,0.025,0.137,C,C,0.059,0.697,0.087,0.075,C
G,0.006,0.152,0.471,0.144,G,A,0.006,0.128,0.114,0.098,C
C,0.144,0.462,0.038,0.093,C,G,0.016,0.194,0.433,0.014,G
T,0.116,0.113,0.148,0.689,T,A,0.536,0.199,0.028,0.042,A
T,0.111,0.161,0.138,0.683,T,G,0.099,0.004,0.432,0.192,G
G,0.19,0.159,0.464,0.13,G,C,0.01,0.415,0.12,0.093,C
C,0.078,0.439,0.161,0.148,C,G,0.018,0.198,0.692,0.193,G
C,0.092,0.588,0.011,0.095,C,C,0.176,0.557,0.04,0.196,C
A,0.461,0.19,0.033,0.087,A,A,0.634,0.164,0.115,0.01,A
T,0.0,0.108,0.072,0.351,T,A,0.53,0.163,0.165,0.175,A
T,0.191,0.106,0.032,0.65,T,G,0.073,0.02,0.453,0.193,G
T,0.161,0.109,0.089,0.599,T,G,0.093,0.116,0.595,0.042,G
A,0.41,0.107,0.199,0.071,A,C,0.157,0.332,0.162,0.057,C
G,0.165,0.126,0.643,0.057,G,A,0.602,0.189,0.092,0.003,A
T,0.159,0.193,0.019,0.488,T,C,0.105,0.662,0.07,0.031,C
G,0.004,0.143,0.606,0.074,G,C,0.112,0.459,0.051,0.065,C
T,0.036,0.005,0.145,0.629,T,C,0.175,0.592,0.176,0.159,C
G,0.092,0.186,0.693,0.142,G,A,0.03,0.123,0.188,0.136,G
A,0.443,0.024,0.126,0.086,A,C,0.187,0.692,0.049,0.076,C
C,0.176,0.651,0.176,0.109,C,G,0.148,0.165,0.583,0.019,G
G,0.01,0.078,0.555,0.075,G,A,0.661,0.022,0.167,0.045,A
A,0.319,0.182,0.003,0.007,A,T,0.039,0.058,0.078,0.475,T
G,0.024,0.127,0.398,0.07,G,G,0.147,0.017,0.504,0.132,G
G,0.096,0.042,0.39,0.063,G,G,0.004,0.125,0.491,0.113,G
G,0.066,0.004,0.358,0.169,G,G,0.161,0.141,0.587,0.085,G
T,0.102,0.138,0.103,0.667,T,C,0.154,0.679,0.053,0.013,C
C,0.183,0.687,0.066,0.072,C,T,0.175,0.078,0.134,0.691,T
A,0.564,0.112,0.032,0.153,A,G,0.027,0.17,0.588,0.016,G
T,0.176,0.114,0.132,0.391,T,A,0.312,0.195,0.107,0.186,A
G,0.169,0.067,0.515,0.12,G,T,0.043,0.127,0.139,0.562,T
A,0.323,0.04,0.019,0.165,A,A,0.47,0.049,0.021,0.019,A
C,0.009,0.564,0.166,0.072,C,G,0.037,0.101,0.43,0.103,G
T,0.046,0.017,0.142,0.446,T,T,0.183,0.083,0.128,0.53,T
A,0.451,0.024,0.083,0.198,A,A,0.304,0.173,0.031,0.098,A
T,0.077,0.111,0.017,0.548,T,A,0.598,0.178,0.171,0.046,A
C,0.037,0.334,0.188,0.035,C,G,0.172,0.04,0.363,0.063,G
C,0.012,0.469,0.185,0.021,C,C,0.191,0.497,0.116,0.12,C
T,0.042,0.19,0.034,0.374,T,T,0.14,0.07,0.191,0.692,T
T,0.121,0.111,0.168,0.698,T,G,0.111,0.081,0.401,0.168,G
G,0.11,0.164,0.482,0.155,G,C,0.09,0.41,0.106,0.017,C
C,0.0,0.0,0.0,0.0,N,C,0.125,0.366,0.127,0.186,C
T,0.148,0.133,0.012,0.326,T,A,0.586,0.011,0.023,0.038,A
A,0.579,0.027,0.026,0.08,A,A,0.468,0.026,0.093,0.171,A
T,0.176,0.109,0.018,0.555,T,T,0.15,0.193,0.179,0.444,T
G,0.153,0.143,0.577,0.081,G,T,0.186,0.19,0.051,0.428,T
T,0.006,0.002,0.033,0.574,T,T,0.128,0.152,0.2,0.673,T
A,0.664,0.026,0.106,0.033,A,T,0.079,0.133,0.175,0.343,T
G,0.021,0.071,0.607,0.124,G,A,0.011,0.143,0.171,0.044,G
G,0.131,0.082,0.649,0.021,G,C,0.1,0.399,0.138,0.018,C
T,0.038,0.194,0.189,0.409,T,T,0.078,0.176,0.195,0.552,T
C,0.035,0.391,0.046,0.188,C,T,0.043,0.145,0.14,0.528,T
G,0.143,0.178,0.61,0.117,G,C,0.073,0.501,0.054,0.072,C
T,0.1,0.162,0.173,0.622,T,C,0.145,0.447,0.127,0.135,C
T,0.077,0.06,0.191,0.692,T,A,0.475,0.147,0.006,0.106,A
A,0.529,0.167,0.158,0.046,A,G,0.098,0.187,0.402,0.043,G
C,0.12,0.652,0.009,0.038,C,A,0.359,0.103,0.099,0.121,A
A,0.446,0.074,0.063,0.136,A,T,0.082,0.148,0.048,0.471,T
A,0.314,0.172,0.12,0.175,A,T,0.014,0.024,0.169,0.686,T
A,0.0,0.0,0.0,0.0,N,G,0.0,0.0,0.0,0.0,N
G,0.195,0.174,0.554,0.166,G,T,0.073,0.143,0.0,0.468,T
A,0.119,0.2,0.179,0.099,C,A,0.38,0.03,0.075,0.08,A
T,0.149,0.02,0.07,0.631,T,G,0.003,0.172,0.325,0.042,G
T,0.055,0.012,0.049,0.668,T,G,0.097,0.052,0.331,0.024,G
A,0.0,0.138,0.184,0.17,G,C,0.045,0.627,0.023,0.195,C
C,0.145,0.696,0.116,0.163,C,C,0.116,0.517,0.084,0.187,C
C,0.137,0.428,0.108,0.05,C,A,0.689,0.174,0.005,0.078,A
A,0.492,0.148,0.117,0.119,A,C,0.116,0.576,0.156,0.083,C
C,0.117,0.414,0.066,0.107,C,A,0.513,0.056,0.138,0.169,A
C,0.167,0.359,0.088,0.193,C,A,0.543,0.128,0.058,0.125,A
G,0.152,0.067,0.568,0.15,G,A,0.0,0.0,0.0,0.0,N
C,0.045,0.521,0.095,0.083,C,C,0.115,0.485,0.096,0.108,C
C,0.188,0.399,0.143,0.05,C,T,0.141,0.056,0.17,0.484,T
T,0.023,0.169,0.052,0.568,T,C,0.12,0.524,0.138,0.127,C
T,0.055,0.156,0.108,0.307,T,C,0.075,0.526,0.196,0.057,C
G,0.131,0.004,0.451,0.062,G,C,0.001,0.528,0.17,0.143,C
A,0.598,0.161,0.173,0.193,A,A,0.668,0.037,0.183,0.194,A
C,0.029,0.461,0.126,0.156,C,G,0.095,0.007,0.445,0.141,G
A,0.635,0.126,0.147,0.11,A,A,0.39,0.196,0.153,0.068,A
A,0.371,0.185,0.152,0.07,A,G,0.194,0.048,0.557,0.048,G
C,0.199,0.697,0.182,0.056,C,C,0.082,0.695,0.035,0.2,C
C,0.015,0.683,0.068,0.155,C,A,0.0,0.0,0.0,0.0,N
C,0.002,0.546,0.111,0.02,C,C,0.031,0.583,0.047,0.197,C
T,0.171,0.151,0.105,0.458,T,C,0.1,0.603,0.191,0.173,C
G,0.085,0.071,0.387,0.068,G,A,0.0,0.021,0.16,0.067,G
G,0.161,0.166,0.56,0.175,G,C,0.048,0.494,0.016,0.056,C
G,0.111,0.001,0.388,0.027,G,G,0.095,0.132,0.611,0.186,G
T,0.133,0.029,0.04,0.417,T,A,0.628,0.073,0.05,0.0,A
A,0.31,0.034,0.082,0.011,A,G,0.106,0.028,0.436,0.137,G
T,0.118,0.042,0.133,0.36,T,G,0.115,0.122,0.474,0.163,G
C,0.162,0.686,0.117,0.058,C,T,0.031,0.077,0.171,0.69,T
A,0.318,0.179,0.136,0.111,A,A,0.476,0.067,0.07,0.107,A
C,0.169,0.699,0.091,0.073,C,T,0.018,0.012,0.182,0.58,T
T,0.045,0.013,0.176,0.528,T,C,0.048,0.375,0.137,0.085,C
C,0.034,0.578,0.06,0.163,C,A,0.589,0.111,0.014,0.172,A
T,0.111,0.068,0.054,0.517,T,G,0.161,0.1,0.482,0.129,G
A,0.677,0.188,0.157,0.186,A,A,0.429,0.136,0.027,0.037,A
C,0.161,0.4,0.046,0.111,C,A,0.388,0.131,0.016,0.024,A
A,0.425,0.064,0.082,0.199,A,T,0.049,0.113,0.15,0.538,T
G,0.147,0.152,0.375,0.091,G,G,0.099,0.101,0.374,0.183,G
T,0.066,0.126,0.084,0.124,C,C,0.174,0.397,0.135,0.007,C
C,0.075,0.359,0.178,0.077,C,G,0.017,0.136,0.662,0.075,G
T,0.06,0.038,0.122,0.678,T,A,0.503,0.064,0.185,0.047,A
T,0.199,0.031,0.151,0.316,T,T,0.022,0.045,0.003,0.505,T
A,0.331,0.115,0.131,0.042,A,G,0.105,0.138,0.593,0.081,G
T,0.0,0.0,0.0,0.0,N,C,0.114,0.379,0.131,0.186,C
T,0.109,0.191,0.14,0.402,T,C,0.165,0.368,0.176,0.046,C
C,0.167,0.654,0.135,0.017,C,T,0.042,0.155,0.027,0.448,T
T,0.11,0.005,0.186,0.458,T,A,0.628,0.01,0.121,0.105,A
A,0.517,0.039,0.185,0.097,A,A,0.607,0.061,0.184,0.18,A
G,0.074,0.014,0.543,0.122,G,G,0.179,0.145,0.471,0.121,G
C,0.033,0.314,0.075,0.145,C,C,0.125,0.348,0.191,0.125,C
C,0.103,0.477,0.098,0.159,C,G,0.091,0.195,0.541,0.067,G
T,0.077,0.047,0.19,0.382,T,G,0.009,0.022,0.422,0.038,G
C,0.127,0.573,0.141,0.047,C,G,0.067,0.128,0.323,0.171,G
G,0.016,0.16,0.536,0.079,G,G,0.091,0.164,0.476,0.046,G
C,0.099,0.327,0.012,0.117,C,G,0.178,0.088,0.318,0.062,G
T,0.081,0.001,0.003,0.621,T,C,0.006,0.454,0.127,0.118,C
A,0.436,0.119,0.138,0.057,A,A,0.328,0.168,0.151,0.154,A
G,0.147,0.197,0.533,0.176,G,G,0.19,0.122,0.598,0.013,G
G,0.045,0.1,0.309,0.169,G,G,0.077,0.042,0.631,0.022,G
A,0.585,0.003,0.09,0.04,A,A,0.564,0.027,0.125,0.04,A
G,0.023,0.026,0.505,0.079,G,T,0.157,0.018,0.114,0.373,T
C,0.122,0.409,0.047,0.077,C,C,0.015,0.451,0.132,0.021,C
G,0.154,0.114,0.676,0.181,G,A,0.161,0.125,0.03,0.101,A
C,0.147,0.464,0.199,0.072,C,A,0.399,0.053,0.199,0.101,A
T,0.035,0.134,0.107,0.403,T,G,0.014,0.177,0.665,0.168,G
C,0.107,0.611,0.092,0.003,C,T,0.138,0.049,0.155,0.335,T
G,0.145,0.073,0.423,0.039,G,G,0.136,0.138,0.013,0.086,C
C,0.183,0.087,0.023,0.055,A,A,0.531,0.017,0.166,0.026,A
T,0.068,0.065,0.153,0.573,T,A,0.49,0.157,0.179,0.058,A
T,0.014,0.152,0.056,0.549,T,A,0.441,0.152,0.093,0.022,A
C,0.019,0.333,0.186,0.079,C,T,0.029,0.162,0.03,0.525,T
A,0.635,0.163,0.004,0.078,A,G,0.129,0.189,0.695,0.036,G
C,0.03,0.362,0.132,0.05,C,A,0.595,0.196,0.141,0.101,A
C,0.146,0.38,0.049,0.071,C,A,0.355,0.036,0.002,0.047,A
A,0.399,0.046,0.053,0.067,A,T,0.089,0.089,0.168,0.454,T
G,0.0,0.048,0.574,0.064,G,C,0.113,0.405,0.145,0.188,C
A,0.479,0.183,0.092,0.076,A,A,0.41,0.001,0.15,0.098,A
C,0.131,0.555,0.139,0.1,C,T,0.102,0.15,0.12,0.351,T
T,0.148,0.132,0.134,0.352,T,A,0.559,0.103,0.147,0.082,A
A,0.653,0.094,0.064,0.042,A,A,0.528,0.185,0.171,0.127,A
A,0.38,0.14,0.187,0.133,A,G,0.058,0.053,0.581,0.066,G
A,0.148,0.083,0.094,0.186,T,C,0.191,0.601,0.195,0.114,C
C,0.181,0.431,0.067,0.131,C,T,0.02,0.137,0.066,0.509,T
G,0.007,0.014,0.688,0.061,G,A,0.645,0.145,0.194,0.14,A
C,0.177,0.372,0.033,0.105,C,C,0.036,0.396,0.021,0.059,C
T,0.128,0.068,0.116,0.386,T,A,0.666,0.051,0.094,0.067,A
G,0.195,0.154,0.613,0.053,G,C,0.076,0.682,0.097,0.162,C
G,0.066,0.032,0.315,0.182,G,T,0.147,0.128,0.041,0.317,T
G,0.005,0.093,0.5,0.179,G,C,0.195,0.452,0.026,0.175,C
G,0.07,0.014,0.597,0.104,G,T,0.188,0.074,0.1,0.698,T
A,0.667,0.197,0.087,0.132,A,G,0.093,0.129,0.112,0.16,T
A,0.401,0.113,0.114,0.194,A,T,0.093,0.063,0.029,0.543,T
G,0.186,0.04,0.612,0.192,G,A,0.136,0.142,0.115,0.034,C
C,0.191,0.441,0.112,0.038,C,C,0.1,0.63,0.086,0.118,C
T,0.182,0.093,0.104,0.373,T,T,0.186,0.058,0.04,0.637,T
G,0.026,0.005,0.363,0.089,G,A,0.515,0.124,0.102,0.028,A
T,0.1,0.085,0.019,0.504,T,A,0.632,0.125,0.023,0.135,A
C,0.068,0.508,0.095,0.029,C,A,0.477,0.125,0.038,0.156,A
A,0.369,0.096,0.002,0.185,A,A,0.446,0.15,0.165,0.085,A
A,0.356,0.128,0.175,0.081,A,A,0.652,0.168,0.078,0.169,A
G,0.141,0.08,0.633,0.101,G,C,0.018,0.337,0.198,0.004,C
G,0.199,0.15,0.402,0.094,G,A,0.312,0.014,0.097,0.007,A
G,0.176,0.121,0.531,0.182,G,A,0.107,0.092,0.157,0.084,G
C,0.112,0.514,0.197,0.114,C,G,0.015,0.079,0.63,0.153,G
G,0.185,0.024,0.634,0.195,G,T,0.18,0.071,0.108,0.393,T
A,0.332,0.102,0.064,0.025,A,A,0.307,0.022,0.005,0.115,A
C,0.04,0.566,0.164,0.072,C,A,0.587,0.163,0.012,0.037,A
G,0.163,0.148,0.446,0.179,G,T,0.079,0.011,0.061,0.486,T
G,0.147,0.016,0.648,0.047,G,C,0.132,0.564,0.199,0.063,C
G,0.174,0.163,0.561,0.181,G,G,0.156,0.185,0.69,0.164,G
C,0.081,0.678,0.16,0.18,C,T,0.125,0.141,0.174,0.315,T
G,0.169,0.121,0.36,0.14,G,A,0.163,0.127,0.049,0.116,A
A,0.699,0.098,0.067,0.117,A,A,0.422,0.105,0.124,0.197,A
A,0.679,0.119,0.144,0.061,A,G,0.093,0.05,0.455,0.068,G
A,0.392,0.156,0.03,0.108,A,C,0.167,0.547,0.114,0.14,C
C,0.154,0.584,0.107,0.124,C,C,0.026,0.359,0.034,0.102,C
G,0.164,0.033,0.374,0.057,G,A,0.11,0.14,0.156,0.02,G
T,0.003,0.176,0.126,0.55,T,C,0.169,0.54,0.189,0.106,C
G,0.124,0.065,0.516,0.153,G,G,0.028,0.154,0.545,0.171,G
G,0.048,0.068,0.491,0.119,G,C,0.11,0.517,0.058,0.184,C
C,0.146,0.392,0.137,0.183,C,C,0.033,0.459,0.135,0.131,C
C,0.142,0.482,0.004,0.089,C,T,0.151,0.139,0.019,0.655,T
G,0.089,0.049,0.028,0.099,T,T,0.116,0.144,0.019,0.638,T
A,0.557,0.105,0.118,0.017,A,C,0.058,0.492,0.111,0.163,C
A,0.37,0.037,0.19,0.071,A,A,0.391,0.023,0.074,0.052,A
T,0.068,0.118,0.083,0.693,T,T,0.103,0.112,0.097,0.656,T
A,0.533,0.175,0.173,0.127,A,T,0.125,0.164,0.192,0.333,T
C,0.102,0.673,0.162,0.127,C,G,0.055,0.083,0.33,0.036,G
T,0.134,0.132,0.13,0.139,G,T,0.089,0.04,0.056,0.488,T
G,0.06,0.031,0.345,0.103,G,C,0.089,0.349,0.038,0.133,C
C,0.118,0.5,0.168,0.072,C,A,0.3,0.136,0.18,0.111,A
A,0.654,0.121,0.129,0.071,A,G,0.166,0.108,0.415,0.018,G
C,0.058,0.381,0.032,0.008,C,T,0.049,0.096,0.162,0.311,T
A,0.369,0.148,0.179,0.168,A,T,0.178,0.104,0.156,0.356,T
T,0.171,0.084,0.076,0.484,T,T,0.043,0.022,0.2,0.343,T
A,0.132,0.125,0.085,0.012,C,C,0.135,0.337,0.108,0.071,C
T,0.171,0.19,0.151,0.319,T,A,0.44,0.021,0.137,0.036,A
C,0.007,0.672,0.17,0.184,C,G,0.176,0.028,0.453,0.094,G
G,0.176,0.065,0.522,0.058,G,G,0.147,0.08,0.622,0.123,G
G,0.179,0.029,0.429,0.075,G,G,0.0,0.0,0.0,0.0,N
T,0.175,0.098,0.091,0.32,T,C,0.056,0.55,0.158,0.122,C
A,0.367,0.078,0.067,0.044,A,A,0.564,0.167,0.132,0.189,A
T,0.008,0.124,0.126,0.535,T,C,0.035,0.349,0.113,0.024,C
T,0.013,0.193,0.114,0.546,T,G,0.005,0.089,0.468,0.199,G
C,0.198,0.349,0.049,0.02,C,C,0.047,0.45,0.145,0.1,C
C,0.172,0.42,0.08,0.07,C,G,0.106,0.091,0.408,0.113,G
C,0.071,0.675,0.015,0.001,C,C,0.137,0.316,0.196,0.086,C
C,0.111,0.558,0.194,0.027,C,A,0.493,0.053,0.109,0.123,A
A,0.647,0.037,0.001,0.165,A,T,0.122,0.116,0.175,0.599,T
T,0.053,0.131,0.097,0.686,T,T,0.069,0.147,0.117,0.646,T
G,0.147,0.103,0.413,0.159,G,A,0.342,0.126,0.193,0.129,A
T,0.002,0.122,0.003,0.545,T,T,0.04,0.044,0.108,0.658,T
G,0.144,0.07,0.553,0.145,G,C,0.048,0.31,0.199,0.173,C
A,0.666,0.172,0.148,0.021,A,C,0.184,0.552,0.09,0.122,C
C,0.092,0.572,0.166,0.026,C,A,0.683,0.004,0.01,0.15,A
T,0.05,0.195,0.198,0.429,T,G,0.173,0.193,0.424,0.108,G
T,0.196,0.025,0.194,0.447,T,G,0.06,0.143,0.478,0.038,G
A,0.544,0.095,0.06,0.149,A,A,0.091,0.072,0.058,0.117,T
G,0.055,0.08,0.56,0.098,G,A,0.091,0.199,0.185,0.136,C
A,0.494,0.195,0.147,0.03,A,A,0.401,0.133,0.197,0.064,A
A,0.356,0.159,0.013,0.035,A,A,0.631,0.038,0.155,0.038,A
T,0.112,0.152,0.182,0.507,T,G,0.18,0.069,0.389,0.007,G
G,0.16,0.174,0.05,0.065,C,G,0.137,0.199,0.454,0.165,G
G,0.163,0.09,0.599,0.15,G,C,0.064,0.493,0.047,0.044,C
T,0.132,0.105,0.188,0.648,T,T,0.086,0.051,0.189,0.447,T
C,0.1,0.496,0.133,0.012,C,G,0.016,0.173,0.34,0.166,G
G,0.057,0.099,0.535,0.154,G,C,0.093,0.504,0.04,0.044,C
C,0.04,0.467,0.106,0.091,C,A,0.54,0.182,0.111,0.117,A
G,0.043,0.006,0.57,0.158,G,C,0.095,0.332,0.001,0.071,C
G,0.037,0.052,0.55,0.05,G,G,0.068,0.142,0.386,0.134,G
C,0.158,0.54,0.081,0.103,C,C,0.165,0.575,0.047,0.109,C
T,0.176,0.083,0.116,0.345,T,C,0.174,0.471,0.116,0.184,C
C,0.056,0.561,0.084,0.075,C,T,0.101,0.052,0.11,0.657,T
G,0.165,0.154,0.349,0.177,G,T,0.132,0.064,0.111,0.552,T
A,0.402,0.132,0.193,0.078,A,T,0.158,0.193,0.038,0.012,C
A,0.517,0.136,0.044,0.104,A,T,0.086,0.151,0.135,0.523,T
T,0.012,0.13,0.175,0.7,T,G,0.035,0.069,0.42,0.191,G
T,0.159,0.044,0.192,0.58,T,C,0.187,0.667,0.061,0.174,C
G,0.046,0.135,0.553,0.07,G,T,0.096,0.2,0.153,0.382,T
G,0.005,0.128,0.651,0.132,G,C,0.023,0.511,0.121,0.033,C
G,0.195,0.141,0.647,0.005,G,C,0.154,0.37,0.018,0.046,C
T,0.147,0.06,0.046,0.525,T,T,0.063,0.109,0.011,0.659,T
T,0.173,0.128,0.1,0.318,T,C,0.019,0.488,0.112,0.037,C
G,0.05,0.072,0.521,0.084,G,G,0.123,0.15,0.333,0.007,G
C,0.161,0.416,0.153,0.172,C,A,0.479,0.19,0.067,0.195,A
C,0.173,0.7,0.093,0.073,C,C,0.043,0.389,0.125,0.144,C
G,0.152,0.198,0.587,0.099,G,G,0.054,0.174,0.46,0.123,G
T,0.098,0.183,0.094,0.663,T,A,0.487,0.027,0.044,0.097,A
G,0.166,0.145,0.31,0.075,G,A,0.027,0.145,0.007,0.018,C
C,0.198,0.438,0.037,0.105,C,T,0.158,0.01,0.018,0.543,T
T,0.137,0.162,0.026,0.549,T,G,0.025,0.015,0.325,0.171,G
G,0.125,0.137,0.382,0.052,G,C,0.149,0.458,0.014,0.173,C
C,0.087,0.354,0.169,0.077,C,G,0.15,0.044,0.608,0.028,G
C,0.124,0.485,0.012,0.172,C,C,0.052,0.549,0.008,0.075,C
T,0.192,0.18,0.062,0.404,T,A,0.384,0.065,0.071,0.029,A
A,0.668,0.133,0.029,0.192,A,C,0.067,0.412,0.114,0.061,C
A,0.44,0.186,0.12,0.013,A,A,0.475,0.183,0.132,0.044,A
A,0.522,0.045,0.175,0.08,A,G,0.047,0.004,0.47,0.133,G
A,0.675,0.182,0.057,0.179,A,G,0.159,0.101,0.601,0.129,G
G,0.148,0.043,0.392,0.074,G,G,0.137,0.19,0.302,0.11,G
A,0.595,0.064,0.131,0.094,A,C,0.193,0.469,0.098,0.053,C
G,0.0,0.082,0.401,0.171,G,T,0.084,0.17,0.108,0.419,T
C,0.026,0.513,0.127,0.11,C,T,0.065,0.021,0.095,0.388,T
A,0.694,0.177,0.193,0.044,A,T,0.147,0.007,0.084,0.391,T
A,0.528,0.043,0.06,0.172,A,G,0.005,0.12,0.463,0.012,G
G,0.138,0.077,0.321,0.045,G,C,0.095,0.429,0.077,0.021,C
G,0.136,0.156,0.437,0.044,G,C,0.0,0.0,0.0,0.0,N
G,0.005,0.087,0.571,0.093,G,G,0.06,0.019,0.581,0.107,G
A,0.322,0.043,0.136,0.186,A,C,0.179,0.452,0.118,0.015,C
C,0.135,0.463,0.036,0.075,C,T,0.012,0.024,0.164,0.365,T
C,0.061,0.45,0.117,0.176,C,A,0.66,0.124,0.051,0.096,A
G,0.149,0.111,0.484,0.016,G,T,0.164,0.067,0.176,0.678,T
C,0.021,0.427,0.197,0.121,C,G,0.021,0.048,0.337,0.013,G
G,0.199,0.179,0.688,0.186,G,T,0.193,0.088,0.017,0.465,T
A,0.443,0.056,0.174,0.023,A,G,0.193,0.185,0.639,0.061,G
G,0.0,0.0,0.0,0.0,N,C,0.026,0.344,0.17,0.108,C
C,0.134,0.563,0.148,0.171,C,A,0.615,0.092,0.161,0.16,A
T,0.193,0.028,0.041,0.386,T,T,0.141,0.176,0.014,0.694,T
C,0.099,0.402,0.147,0.039,C,G,0.072,0.059,0.479,0.022,G
A,0.618,0.131,0.13,0.141,A,A,0.523,0.105,0.03,0.171,A
T,0.113,0.116,0.045,0.492,T,A,0.315,0.062,0.056,0.194,A
G,0.046,0.01,0.5,0.157,G,G,0.179,0.135,0.612,0.078,G
G,0.164,0.155,0.325,0.14,G,G,0.082,0.136,0.348,0.187,G
G,0.121,0.087,0.314,0.041,G,A,0.629,0.114,0.024,0.177,A
A,0.529,0.185,0.179,0.125,A,G,0.12,0.197,0.342,0.143,G
T,0.135,0.031,0.156,0.356,T,T,0.113,0.043,0.017,0.655,T
C,0.097,0.326,0.12,0.165,C,T,0.014,0.017,0.006,0.503,T
G,0.016,0.096,0.638,0.102,G,G,0.034,0.189,0.689,0.029,G
C,0.177,0.674,0.121,0.176,C,T,0.024,0.001,0.138,0.635,T
A,0.142,0.144,0.152,0.082,G,G,0.089,0.176,0.376,0.032,G
G,0.058,0.104,0.341,0.118,G,C,0.0,0.0,0.0,0.0,N
A,0.638,0.02,0.048,0.155,A,A,0.658,0.135,0.097,0.131,A
T,0.101,0.014,0.179,0.008,G,G,0.005,0.055,0.484,0.059,G
C,0.158,0.411,0.028,0.098,C,A,0.692,0.072,0.055,0.027,A
A,0.68,0.117,0.078,0.109,A,A,0.547,0.097,0.196,0.12,A
G,0.16,0.12,0.482,0.0,G,A,0.147,0.039,0.011,0.082,A
G,0.005,0.164,0.311,0.191,G,G,0.027,0.115,0.39,0.093,G
G,0.188,0.07,0.611,0.055,G,G,0.041,0.19,0.655,0.085,G
T,0.03,0.18,0.0,0.586,T,C,0.126,0.528,0.082,0.154,C
A,0.334,0.015,0.067,0.126,A,C,0.128,0.349,0.106,0.154,C
C,0.183,0.527,0.148,0.019,C,G,0.06,0.025,0.678,0.133,G
A,0.337,0.061,0.044,0.166,A,C,0.187,0.57,0.028,0.115,C
T,0.07,0.094,0.042,0.355,T,T,0.142,0.151,0.149,0.321,T
T,0.033,0.05,0.163,0.401,T,C,0.062,0.433,0.011,0.081,C
C,0.145,0.459,0.147,0.195,C,G,0.0,0.0,0.0,0.0,N
A,0.64,0.18,0.19,0.185,A,T,0.017,0.069,0.02,0.672,T
C,0.121,0.679,0.042,0.183,C,T,0.081,0.073,0.141,0.522,T
C,0.0,0.0,0.0,0.0,N,C,0.01,0.649,0.179,0.198,C
G,0.143,0.112,0.479,0.125,G,C,0.124,0.331,0.02,0.125,C
T,0.025,0.013,0.043,0.382,T,A,0.499,0.181,0.181,0.001,A
A,0.685,0.006,0.163,0.072,A,A,0.397,0.063,0.008,0.128,A
C,0.184,0.672,0.136,0.062,C,T,0.024,0.197,0.126,0.413,T
A,0.642,0.181,0.077,0.06,A,G,0.174,0.144,0.383,0.058,G
T,0.164,0.022,0.006,0.568,T,C,0.095,0.505,0.111,0.133,C
C,0.127,0.55,0.011,0.189,C,A,0.674,0.096,0.05,0.042,A
A,0.496,0.073,0.129,0.136,A,G,0.017,0.116,0.379,0.092,G
G,0.004,0.016,0.627,0.089,G,A,0.345,0.067,0.198,0.111,A
A,0.671,0.13,0.183,0.005,A,T,0.085,0.187,0.039,0.648,T
G,0.029,0.092,0.384,0.011,G,G,0.105,0.115,0.67,0.178,G
A,0.549,0.104,0.128,0.13,A,A,0.568,0.139,0.145,0.049,A
A,0.366,0.012,0.075,0.085,A,C,0.136,0.331,0.085,0.018,C
G,0.025,0.196,0.323,0.159,G,A,0.091,0.008,0.185,0.187,G
T,0.058,0.087,0.136,0.491,T,C,0.178,0.536,0.009,0.171,C
T,0.034,0.059,0.126,0.431,T,A,0.636,0.016,0.136,0.011,A
T,0.195,0.18,0.086,0.606,T,C,0.005,0.348,0.149,0.088,C
C,0.023,0.496,0.174,0.078,C,A,0.4,0.161,0.057,0.029,A
A,0.378,0.079,0.163,0.097,A,T,0.127,0.02,0.005,0.613,T
G,0.131,0.01,0.536,0.173,G,A,0.154,0.005,0.015,0.079,A
T,0.081,0.052,0.14,0.563,T,T,0.096,0.002,0.171,0.332,T
G,0.004,0.065,0.332,0.118,G,C,0.199,0.493,0.145,0.104,C
G,0.143,0.065,0.332,0.008,G,T,0.078,0.172,0.12,0.471,T
T,0.005,0.189,0.003,0.396,T,C,0.0,0.0,0.0,0.0,N
G,0.052,0.058,0.41,0.028,G,T,0.01,0.035,0.185,0.345,T
T,0.071,0.166,0.19,0.605,T,C,0.163,0.427,0.089,0.101,C
G,0.099,0.157,0.381,0.169,G,C,0.009,0.656,0.003,0.065,C
C,0.194,0.681,0.048,0.173,C,T,0.137,0.102,0.078,0.616,T
T,0.03,0.186,0.188,0.583,T,A,0.439,0.189,0.172,0.178,A
A,0.464,0.058,0.039,0.071,A,A,0.425,0.113,0.196,0.141,A
A,0.359,0.157,0.12,0.138,A,A,0.499,0.148,0.113,0.132,A
T,0.171,0.083,0.005,0.366,T,A,0.59,0.016,0.17,0.181,A
T,0.033,0.036,0.198,0.552,T,T,0.013,0.056,0.124,0.687,T
T,0.09,0.186,0.128,0.521,T,T,0.07,0.198,0.163,0.374,T
T,0.096,0.058,0.169,0.618,T,A,0.618,0.045,0.198,0.147,A
C,0.199,0.474,0.134,0.034,C,A,0.423,0.053,0.195,0.097,A
C,0.118,0.557,0.102,0.033,C,C,0.112,0.391,0.007,0.113,C
T,0.141,0.193,0.101,0.578,T,C,0.195,0.308,0.192,0.114,C
C,0.036,0.359,0.127,0.09,C,G,0.154,0.194,0.495,0.144,G
C,0.064,0.441,0.094,0.037,C,T,0.092,0.086,0.041,0.42,T
C,0.039,0.355,0.171,0.102,C,T,0.174,0.123,0.191,0.355,T
A,0.512,0.17,0.143,0.175,A,C,0.191,0.306,0.027,0.051,C
C,0.061,0.412,0.093,0.012,C,A,0.412,0.131,0.073,0.005,A
C,0.113,0.476,0.151,0.005,C,G,0.128,0.09,0.683,0.175,G
G,0.096,0.197,0.479,0.165,G,C,0.193,0.363,0.16,0.026,C
T,0.095,0.079,0.167,0.356,T,A,0.414,0.163,0.167,0.124,A
G,0.088,0.114,0.678,0.038,G,C,0.116,0.505,0.008,0.171,C
T,0.049,0.107,0.039,0.389,T,G,0.133,0.089,0.372,0.116,G
T,0.106,0.057,0.088,0.47,T,T,0.161,0.092,0.023,0.531,T
G,0.043,0.153,0.432,0.11,G,G,0.036,0.115,0.562,0.127,G
T,0.02,0.161,0.091,0.395,T,G,0.186,0.151,0.576,0.025,G
T,0.193,0.08,0.191,0.502,T,A,0.578,0.007,0.105,0.197,A
C,0.141,0.49,0.157,0.024,C,G,0.179,0.018,0.375,0.169,G
C,0.018,0.328,0.084,0.137,C,A,0.387,0.175,0.152,0.116,A
C,0.095,0.692,0.075,0.179,C,A,0.43,0.099,0.089,0.07,A
G,0.114,0.031,0.539,0.192,G,A,0.171,0.149,0.02,0.029,A
T,0.143,0.146,0.024,0.471,T,A,0.6,0.077,0.11,0.081,A
A,0.693,0.083,0.043,0.01,A,A,0.419,0.091,0.155,0.048,A
T,0.061,0.008,0.185,0.335,T,C,0.197,0.368,0.065,0.06,C
G,0.022,0.078,0.335,0.061,G,G,0.013,0.138,0.639,0.053,G
G,0.07,0.093,0.66,0.154,G,T,0.05,0.178,0.141,0.613,T
G,0.151,0.182,0.317,0.014,G,G,0.015,0.143,0.673,0.059,G
C,0.095,0.341,0.091,0.115,C,G,0.017,0.19,0.501,0.134,G
A,0.415,0.154,0.144,0.006,A,T,0.154,0.105,0.09,0.464,T
G,0.049,0.093,0.423,0.079,G,T,0.135,0.016,0.12,0.537,T
A,0.472,0.098,0.028,0.073,A,A,0.617,0.081,0.065,0.084,A
A,0.561,0.193,0.009,0.011,A,A,0.416,0.103,0.081,0.055,A
C,0.167,0.555,0.095,0.074,C,G,0.046,0.167,0.506,0.076,G
T,0.051,0.186,0.007,0.634,T,A,0.417,0.082,0.186,0.112,A
A,0.623,0.044,0.137,0.114,A,G,0.144,0.12,0.613,0.199,G
C,0.039,0.564,0.107,0.175,C,G,0.046,0.085,0.523,0.196,G
C,0.019,0.464,0.075,0.089,C,A,0.619,0.053,0.199,0.087,A
T,0.053,0.186,0.183,0.545,T,T,0.07,0.181,0.198,0.452,T
T,0.04,0.085,0.105,0.39,T,C,0.09,0.547,0.162,0.167,C
G,0.193,0.001,0.308,0.177,G,T,0.139,0.049,0.023,0.617,T
G,0.083,0.021,0.6,0.189,G,T,0.134,0.038,0.068,0.567,T
G,0.025,0.112,0.643,0.165,G,A,0.04,0.089,0.028,0.011,N
C,0.0,0.0,0.0,0.0,N,G,0.188,0.172,0.436,0.017,G
G,0.169,0.093,0.661,0.091,G,C,0.027,0.548,0.08,0.153,C
G,0.092,0.133,0.589,0.03,G,G,0.036,0.163,0.655,0.014,G
T,0.002,0.167,0.002,0.657,T,G,0.152,0.054,0.613,0.086,G
G,0.135,0.171,0.629,0.108,G,C,0.153,0.315,0.131,0.027,C
G,0.017,0.128,0.545,0.094,G,G,0.056,0.083,0.329,0.089,G
C,0.091,0.614,0.013,0.036,C,A,0.342,0.097,0.13,0.044,A
G,0.104,0.142,0.322,0.163,G,G,0.092,0.124,0.476,0.032,G
T,0.16,0.197,0.171,0.358,T,T,0.014,0.075,0.056,0.425,T
C,0.172,0.59,0.012,0.064,C,G,0.185,0.081,0.363,0.009,G
A,0.534,0.157,0.079,0.027,A,A,0.414,0.022,0.174,0.091,A
A,0.371,0.063,0.105,0.175,A,T,0.019,0.044,0.153,0.192,T
G,0.012,0.033,0.43,0.094,G,A,0.037,0.148,0.058,0.063,C
C,0.159,0.445,0.186,0.125,C,A,0.692,0.054,0.085,0.036,A
A,0.0,0.0,0.0,0.0,N,A,0.61,0.193,0.169,0.185,A
A,0.465,0.032,0.049,0.155,A,C,0.054,0.318,0.055,0.042,C
T,0.152,0.008,0.165,0.492,T,G,0.129,0.15,0.448,0.144,G
G,0.172,0.174,0.419,0.126,G,A,0.023,0.173,0.133,0.012,C
C,0.199,0.32,0.01,0.025,C,C,0.139,0.053,0.14,0.19,T
A,0.677,0.197,0.033,0.005,A,G,0.116,0.163,0.389,0.03,G
T,0.193,0.18,0.182,0.634,T,T,0.048,0.115,0.017,0.477,T
T,0.109,0.187,0.174,0.66,T,G,0.03,0.039,0.546,0.096,G
T,0.173,0.068,0.01,0.567,T,G,0.191,0.105,0.652,0.186,G
T,0.177,0.059,0.171,0.67,T,G,0.078,0.036,0.646,0.034,G
G,0.19,0.172,0.389,0.042,G,C,0.01,0.651,0.034,0.172,C
T,0.185,0.144,0.034,0.42,T,G,0.135,0.179,0.465,0.099,G
G,0.163,0.081,0.532,0.072,G,T,0.085,0.144,0.191,0.317,T
G,0.005,0.102,0.684,0.121,G,G,0.197,0.096,0.567,0.165,G
G,0.15,0.19,0.591,0.047,G,A,0.306,0.185,0.004,0.041,A
A,0.059,0.177,0.067,0.083,C,G,0.098,0.002,0.563,0.05,G
T,0.174,0.136,0.109,0.344,T,T,0.012,0.171,0.117,0.651,T
T,0.108,0.058,0.026,0.451,T,C,0.127,0.381,0.117,0.131,C
T,0.076,0.1,0.19,0.507,T,C,0.007,0.613,0.031,0.181,C
T,0.111,0.088,0.047,0.605,T,G,0.001,0.04,0.603,0.104,G
G,0.092,0.107,0.498,0.078,G,T,0.113,0.024,0.147,0.303,T
T,0.0,0.0,0.0,0.0,N,A,0.448,0.049,0.143,0.182,A
G,0.011,0.154,0.51,0.062,G,A,0.061,0.06,0.1,0.026,G
A,0.339,0.075,0.018,0.137,A,A,0.428,0.161,0.07,0.11,A
C,0.048,0.422,0.102,0.038,C,C,0.096,0.37,0.19,0.167,C
G,0.164,0.034,0.443,0.167,G,G,0.12,0.099,0.33,0.096,G
C,0.042,0.338,0.014,0.001,C,G,0.039,0.106,0.561,0.16,G
C,0.006,0.628,0.128,0.096,C,A,0.409,0.069,0.063,0.063,A
A,0.326,0.084,0.094,0.163,A,C,0.119,0.409,0.183,0.186,C
C,0.195,0.348,0.126,0.17,C,G,0.03,0.004,0.355,0.087,G
T,0.119,0.083,0.164,0.488,T,C,0.006,0.348,0.071,0.131,C
A,0.497,0.175,0.164,0.047,A,C,0.156,0.468,0.195,0.132,C
C,0.02,0.486,0.147,0.066,C,A,0.45,0.15,0.059,0.153,A
T,0.011,0.17,0.072,0.41,T,A,0.684,0.046,0.146,0.066,A
A,0.542,0.106,0.061,0.142,A,G,0.166,0.144,0.45,0.081,G
C,0.117,0.556,0.049,0.019,C,A,0.37,0.109,0.106,0.037,A
G,0.063,0.022,0.37,0.043,G,A,0.055,0.142,0.126,0.136,C
C,0.19,0.535,0.082,0.019,C,C,0.181,0.35,0.179,0.02,C
T,0.02,0.063,0.104,0.666,T,A,0.628,0.106,0.199,0.076,A
A,0.464,0.08,0.091,0.079,A,C,0.117,0.587,0.192,0.018,C
G,0.115,0.001,0.6,0.082,G,G,0.07,0.196,0.51,0.108,G
T,0.055,0.1,0.011,0.666,T,A,0.344,0.108,0.029,0.029,A
T,0.193,0.021,0.015,0.644,T,C,0.035,0.604,0.101,0.135,C
C,0.195,0.643,0.109,0.028,C,T,0.113,0.097,0.028,0.362,T
G,0.096,0.055,0.666,0.083,G,A,0.027,0.042,0.1,0.19,T
G,0.167,0.073,0.451,0.111,G,A,0.641,0.081,0.004,0.071,A
C,0.101,0.391,0.114,0.137,C,T,0.052,0.118,0.065,0.519,T
A,0.665,0.058,0.072,0.086,A,G,0.131,0.162,0.488,0.017,G
G,0.053,0.17,0.542,0.012,G,C,0.156,0.452,0.09,0.094,C
T,0.06,0.006,0.024,0.43,T,A,0.377,0.006,0.102,0.135,A
C,0.017,0.334,0.199,0.195,C,G,0.128,0.077,0.482,0.065,G
C,0.0,0.0,0.0,0.0,N,C,0.092,0.602,0.06,0.128,C
G,0.13,0.053,0.314,0.002,G,T,0.163,0.153,0.124,0.05,C
C,0.059,0.466,0.107,0.004,C,G,0.122,0.118,0.33,0.03,G
G,0.12,0.153,0.639,0.184,G,G,0.151,0.079,0.435,0.162,G
T,0.196,0.175,0.055,0.358,T,T,0.075,0.103,0.073,0.544,T
G,0.186,0.155,0.576,0.072,G,A,0.0,0.093,0.014,0.137,T
C,0.16,0.465,0.129,0.094,C,C,0.143,0.557,0.156,0.2,C
C,0.051,0.506,0.192,0.126,C,C,0.046,0.352,0.195,0.129,C
A,0.403,0.12,0.17,0.03,A,T,0.198,0.097,0.113,0.428,T
T,0.158,0.104,0.079,0.411,T,G,0.091,0.185,0.402,0.146,G
A,0.394,0.05,0.034,0.136,A,C,0.055,0.516,0.195,0.066,C
T,0.138,0.052,0.016,0.378,T,G,0.0,0.171,0.394,0.091,G
T,0.189,0.072,0.164,0.324,T,T,0.181,0.169,0.059,0.607,T
T,0.049,0.079,0.153,0.609,T,T,0.166,0.147,0.18,0.403,T
T,0.021,0.197,0.019,0.561,T,G,0.171,0.174,0.547,0.047,G
A,0.581,0.091,0.191,0.011,A,A,0.603,0.067,0.12,0.168,A
A,0.601,0.064,0.02,0.158,A,G,0.005,0.173,0.677,0.102,G
A,0.55,0.041,0.103,0.143,A,C,0.093,0.698,0.165,0.155,C
G,0.197,0.154,0.63,0.11,G,T,0.041,0.02,0.064,0.305,T
A,0.554,0.154,0.188,0.022,A,C,0.007,0.529,0.047,0.195,C
C,0.04,0.524,0.12,0.043,C,A,0.48,0.109,0.022,0.038,A
G,0.141,0.033,0.569,0.169,G,T,0.124,0.008,0.065,0.413,T
T,0.044,0.03,0.195,0.665,T,A,0.46,0.187,0.048,0.134,A
C,0.176,0.478,0.097,0.007,C,A,0.499,0.177,0.191,0.022,A
T,0.196,0.062,0.043,0.399,T,A,0.359,0.012,0.093,0.066,A
G,0.034,0.149,0.609,0.159,G,T,0.153,0.021,0.137,0.544,T
C,0.002,0.387,0.112,0.047,C,C,0.007,0.33,0.136,0.149,C
C,0.063,0.65,0.054,0.072,C,A,0.567,0.118,0.078,0.066,A
T,0.052,0.155,0.192,0.598,T,C,0.049,0.531,0.191,0.087,C
T,0.069,0.023,0.086,0.565,T,A,0.55,0.0,0.18,0.152,A
C,0.162,0.453,0.167,0.181,C,G,0.035,0.163,0.564,0.114,G
G,0.027,0.009,0.695,0.19,G,A,0.035,0.062,0.007,0.127,T
T,0.082,0.006,0.067,0.59,T,A,0.545,0.114,0.063,0.122,A
C,0.121,0.594,0.168,0.086,C,G,0.0,0.0,0.0,0.0,N
A,0.647,0.03,0.03,0.193,A,A,0.084,0.013,0.104,0.135,T
T,0.147,0.054,0.002,0.658,T,A,0.413,0.051,0.143,0.029,A
A,0.563,0.007,0.029,0.042,A,C,0.019,0.347,0.177,0.023,C
A,0.539,0.067,0.087,0.093,A,C,0.091,0.353,0.054,0.047,C
T,0.095,0.11,0.126,0.379,T,A,0.322,0.111,0.157,0.118,A
A,0.345,0.195,0.098,0.022,A,A,0.586,0.134,0.198,0.166,A
C,0.142,0.387,0.187,0.055,C,A,0.362,0.141,0.043,0.179,A
C,0.021,0.62,0.179,0.087,C,G,0.017,0.144,0.513,0.06,G
G,0.06,0.101,0.387,0.154,G,T,0.041,0.191,0.036,0.443,T
C,0.069,0.402,0.005,0.169,C,T,0.116,0.193,0.164,0.388,T
T,0.197,0.1,0.14,0.453,T,C,0.124,0.674,0.053,0.053,C
A,0.575,0.196,0.068,0.11,A,T,0.168,0.01,0.008,0.654,T
T,0.025,0.169,0.042,0.509,T,C,0.093,0.434,0.123,0.012,C
T,0.157,0.053,0.017,0.332,T,C,0.104,0.488,0.15,0.064,C
T,0.155,0.047,0.021,0.659,T,T,0.0,0.0,0.0,0.0,N
G,0.021,0.087,0.321,0.058,G,A,0.036,0.031,0.102,0.091,G
C,0.04,0.493,0.098,0.033,C,G,0.159,0.094,0.489,0.199,G
A,0.42,0.192,0.061,0.149,A,T,0.012,0.048,0.003,0.549,T
A,0.347,0.089,0.17,0.193,A,C,0.103,0.393,0.131,0.057,C
T,0.124,0.05,0.169,0.545,T,A,0.442,0.044,0.094,0.046,A
C,0.049,0.393,0.137,0.029,C,C,0.177,0.486,0.026,0.145,C
T,0.113,0.17,0.032,0.369,T,A,0.407,0.133,0.135,0.139,A
C,0.036,0.491,0.162,0.159,C,G,0.099,0.027,0.66,0.115,G
A,0.427,0.105,0.081,0.138,A,A,0.349,0.082,0.107,0.036,A
C,0.03,0.508,0.09,0.046,C,A,0.582,0.136,0.116,0.013,A
C,0.05,0.395,0.157,0.156,C,C,0.148,0.49,0.137,0.071,C
C,0.095,0.583,0.108,0.069,C,A,0.336,0.068,0.082,0.123,A
A,0.651,0.056,0.106,0.142,A,G,0.151,0.025,0.332,0.14,G
T,0.175,0.163,0.198,0.429,T,T,0.096,0.128,0.106,0.63,T
A,0.529,0.041,0.001,0.161,A,C,0.131,0.515,0.087,0.031,C
C,0.175,0.467,0.08,0.176,C,G,0.001,0.094,0.338,0.17,G
G,0.102,0.01,0.697,0.074,G,G,0.097,0.044,0.622,0.037,G
C,0.129,0.437,0.13,0.012,C,T,0.015,0.19,0.151,0.586,T
C,0.066,0.586,0.047,0.168,C,G,0.062,0.165,0.621,0.127,G
C,0.052,0.632,0.199,0.025,C,C,0.147,0.639,0.057,0.14,C
G,0.095,0.135,0.624,0.085,G,A,0.599,0.048,0.139,0.153,A
G,0.061,0.026,0.662,0.198,G,G,0.128,0.13,0.363,0.118,G
A,0.476,0.033,0.033,0.151,A,C,0.028,0.625,0.197,0.144,C
C,0.174,0.376,0.058,0.096,C,T,0.072,0.027,0.062,0.319,T
A,0.634,0.079,0.196,0.026,A,T,0.086,0.144,0.177,0.532,T
C,0.093,0.484,0.11,0.184,C,C,0.062,0.667,0.124,0.16,C
C,0.002,0.682,0.196,0.194,C,T,0.158,0.006,0.079,0.328,T
A,0.176,0.127,0.178,0.175,G,A,0.436,0.141,0.074,0.094,A
A,0.324,0.004,0.169,0.092,A,G,0.093,0.15,0.419,0.05,G
T,0.168,0.155,0.138,0.596,T,C,0.0,0.0,0.0,0.0,N
T,0.03,0.029,0.127,0.452,T,T,0.051,0.113,0.163,0.173,G
C,0.002,0.339,0.108,0.097,C,A,0.669,0.193,0.124,0.192,A
A,0.621,0.083,0.194,0.12,A,A,0.426,0.18,0.05,0.079,A
A,0.599,0.014,0.161,0.103,A,A,0.679,0.121,0.029,0.184,A
G,0.135,0.017,0.348,0.084,G,A,0.651,0.095,0.06,0.166,A
T,0.148,0.054,0.082,0.54,T,C,0.177,0.429,0.182,0.09,C
G,0.01,0.175,0.312,0.112,G,C,0.093,0.434,0.174,0.061,C
C,0.18,0.429,0.116,0.179,C,C,0.039,0.353,0.095,0.062,C
T,0.175,0.043,0.172,0.36,T,A,0.675,0.069,0.121,0.012,A
T,0.006,0.187,0.016,0.551,T,A,0.434,0.052,0.152,0.04,A
G,0.006,0.118,0.491,0.06,G,G,0.139,0.148,0.674,0.116,G
T,0.14,0.052,0.056,0.514,T,G,0.17,0.123,0.366,0.083,G
C,0.133,0.668,0.083,0.076,C,G,0.132,0.191,0.356,0.186,G
C,0.031,0.571,0.049,0.16,C,C,0.071,0.538,0.099,0.024,C
G,0.127,0.06,0.663,0.085,G,C,0.03,0.524,0.019,0.095,C
C,0.156,0.664,0.056,0.133,C,T,0.053,0.008,0.095,0.387,T
G,0.046,0.045,0.666,0.168,G,C,0.108,0.398,0.004,0.034,C
G,0.0,0.0,0.0,0.0,N,T,0.011,0.033,0.187,0.487,T
T,0.037,0.111,0.138,0.484,T,G,0.063,0.146,0.483,0.197,G
T,0.067,0.157,0.116,0.68,T,G,0.032,0.097,0.499,0.153,G
G,0.018,0.143,0.563,0.111,G,T,0.188,0.194,0.199,0.535,T
T,0.067,0.157,0.001,0.43,T,A,0.382,0.02,0.168,0.116,A
G,0.109,0.096,0.345,0.006,G,G,0.103,0.025,0.42,0.193,G
A,0.527,0.031,0.079,0.102,A,C,0.034,0.664,0.179,0.035,C
A,0.634,0.157,0.038,0.169,A,G,0.158,0.174,0.368,0.185,G
A,0.421,0.145,0.194,0.005,A,C,0.013,0.367,0.183,0.166,C
C,0.176,0.632,0.023,0.113,C,G,0.008,0.124,0.4,0.046,G
T,0.01,0.002,0.193,0.656,T,T,0.024,0.129,0.015,0.171,T
C,0.066,0.45,0.185,0.195,C,G,0.048,0.0,0.698,0.085,G
C,0.143,0.412,0.094,0.011,C,A,0.634,0.18,0.006,0.153,A
G,0.114,0.162,0.559,0.191,G,T,0.068,0.014,0.155,0.602,T
T,0.014,0.022,0.027,0.513,T,G,0.068,0.078,0.354,0.107,G
C,0.061,0.39,0.047,0.138,C,G,0.12,0.094,0.662,0.074,G
A,0.636,0.108,0.093,0.082,A,C,0.051,0.677,0.099,0.074,C
A,0.563,0.172,0.069,0.16,A,T,0.018,0.106,0.021,0.309,T
T,0.152,0.138,0.195,0.662,T,T,0.031,0.147,0.075,0.501,T
T,0.183,0.052,0.1,0.516,T,A,0.402,0.125,0.159,0.162,A
T,0.074,0.031,0.047,0.689,T,T,0.023,0.009,0.067,0.651,T
C,0.134,0.585,0.056,0.045,C,C,0.005,0.473,0.129,0.075,C
G,0.114,0.171,0.415,0.112,G,T,0.042,0.068,0.159,0.6,T
A,0.518,0.167,0.096,0.013,A,T,0.092,0.127,0.035,0.31,T
C,0.147,0.311,0.073,0.069,C,G,0.053,0.132,0.485,0.174,G
T,0.136,0.006,0.006,0.308,T,T,0.17,0.047,0.119,0.544,T
C,0.003,0.312,0.064,0.026,C,C,0.086,0.322,0.143,0.059,C
A,0.611,0.14,0.066,0.027,A,T,0.17,0.016,0.117,0.44,T
G,0.0,0.0,0.0,0.0,N,T,0.126,0.096,0.059,0.468,T
T,0.141,0.162,0.112,0.483,T,T,0.16,0.123,0.076,0.505,T
C,0.068,0.423,0.086,0.065,C,A,0.369,0.054,0.199,0.077,A
A,0.316,0.136,0.1,0.025,A,G,0.172,0.133,0.457,0.105,G
G,0.137,0.013,0.674,0.093,G,A,0.683,0.011,0.012,0.033,A
G,0.135,0.032,0.366,0.146,G,T,0.104,0.189,0.002,0.552,T
A,0.339,0.115,0.003,0.16,A,C,0.13,0.528,0.026,0.024,C
G,0.17,0.135,0.464,0.121,G,G,0.072,0.068,0.575,0.071,G
G,0.073,0.001,0.573,0.008,G,G,0.027,0.156,0.306,0.148,G
A,0.439,0.029,0.179,0.156,A,A,0.431,0.145,0.126,0.051,A
G,0.015,0.051,0.536,0.038,G,A,0.168,0.078,0.136,0.003,A
G,0.138,0.006,0.619,0.129,G,A,0.178,0.11,0.158,0.167,G
G,0.016,0.174,0.623,0.103,G,T,0.078,0.105,0.122,0.414,T
A,0.582,0.029,0.018,0.059,A,T,0.144,0.049,0.094,0.428,T
T,0.066,0.14,0.114,0.371,T,G,0.002,0.074,0.412,0.072,G
A,0.609,0.102,0.136,0.187,A,T,0.0,0.0,0.0,0.0,N
G,0.008,0.175,0.333,0.104,G,T,0.081,0.141,0.024,0.378,T
G,0.167,0.103,0.606,0.028,G,G,0.198,0.144,0.317,0.096,G
G,0.021,0.178,0.6,0.153,G,G,0.014,0.012,0.495,0.164,G
T,0.186,0.136,0.087,0.576,T,G,0.034,0.006,0.579,0.176,G
C,0.013,0.346,0.078,0.064,C,A,0.51,0.144,0.194,0.073,A
A,0.574,0.107,0.066,0.132,A,A,0.036,0.1,0.175,0.11,G
G,0.144,0.041,0.618,0.032,G,A,0.19,0.125,0.053,0.013,A
T,0.102,0.187,0.181,0.081,C,C,0.133,0.63,0.031,0.058,C
T,0.19,0.086,0.064,0.333,T,T,0.19,0.165,0.114,0.33,T
T,0.1,0.147,0.158,0.625,T,G,0.175,0.084,0.361,0.015,G
T,0.123,0.169,0.135,0.534,T,C,0.147,0.523,0.038,0.08,C
T,0.134,0.089,0.123,0.073,G,A,0.387,0.091,0.117,0.142,A
C,0.001,0.685,0.163,0.123,C,T,0.18,0.148,0.163,0.457,T
C,0.149,0.578,0.065,0.055,C,A,0.39,0.005,0.187,0.152,A
G,0.126,0.123,0.487,0.128,G,C,0.115,0.642,0.071,0.076,C
G,0.116,0.165,0.362,0.192,G,A,0.035,0.024,0.037,0.095,N
C,0.185,0.526,0.162,0.183,C,T,0.125,0.162,0.086,0.477,T
G,0.096,0.123,0.455,0.026,G,T,0.104,0.1,0.191,0.624,T
C,0.025,0.428,0.002,0.023,C,G,0.102,0.181,0.412,0.077,G
C,0.061,0.329,0.138,0.157,C,G,0.009,0.114,0.657,0.106,G
A,0.63,0.15,0.051,0.085,A,A,0.375,0.077,0.058,0.137,A
T,0.149,0.072,0.049,0.405,T,T,0.035,0.11,0.125,0.545,T
A,0.485,0.041,0.161,0.099,A,G,0.038,0.185,0.384,0.057,G
G,0.056,0.18,0.331,0.155,G,T,0.114,0.169,0.001,0.676,T
G,0.151,0.051,0.498,0.015,G,T,0.011,0.154,0.094,0.555,T
A,0.486,0.055,0.014,0.063,A,A,0.443,0.027,0.162,0.165,A
T,0.124,0.199,0.119,0.427,T,T,0.097,0.102,0.101,0.682,T
A,0.491,0.15,0.135,0.132,A,C,0.042,0.323,0.027,0.17,C
T,0.18,0.046,0.178,0.45,T,A,0.531,0.072,0.011,0.115,A
T,0.187,0.035,0.033,0.315,T,G,0.189,0.115,0.322,0.086,G
T,0.091,0.048,0.012,0.399,T,A,0.328,0.064,0.079,0.033,A
C,0.028,0.309,0.021,0.095,C,A,0.525,0.117,0.075,0.069,A
A,0.354,0.035,0.021,0.051,A,G,0.188,0.192,0.402,0.064,G
C,0.118,0.451,0.149,0.042,C,G,0.197,0.054,0.583,0.163,G
T,0.029,0.083,0.135,0.657,T,T,0.131,0.137,0.097,0.614,T
G,0.123,0.16,0.339,0.023,G,A,0.361,0.186,0.001,0.071,A
C,0.029,0.548,0.017,0.03,C,G,0.146,0.013,0.644,0.132,G
G,0.036,0.196,0.444,0.166,G,A,0.305,0.126,0.144,0.171,A
C,0.16,0.548,0.135,0.047,C,C,0.18,0.414,0.08,0.092,C
G,0.132,0.03,0.312,0.067,G,T,0.169,0.026,0.118,0.328,T
T,0.02,0.197,0.072,0.399,T,T,0.122,0.089,0.138,0.401,T
A,0.618,0.03,0.095,0.077,A,T,0.095,0.045,0.102,0.541,T
C,0.075,0.34,0.033,0.171,C,G,0.113,0.131,0.059,0.115,C
C,0.163,0.388,0.022,0.189,C,C,0.167,0.397,0.112,0.036,C
C,0.128,0.584,0.121,0.154,C,T,0.058,0.14,0.101,0.388,T
T,0.099,0.144,0.161,0.374,T,T,0.097,0.179,0.095,0.466,T
T,0.103,0.107,0.085,0.536,T,A,0.529,0.057,0.037,0.018,A
C,0.132,0.511,0.11,0.037,C,T,0.07,0.083,0.124,0.423,T
G,0.188,0.082,0.521,0.065,G,G,0.039,0.193,0.354,0.009,G
T,0.2,0.186,0.033,0.591,T,C,0.148,0.519,0.183,0.115,C
C,0.034,0.637,0.059,0.179,C,G,0.069,0.2,0.601,0.163,G
T,0.091,0.161,0.115,0.63,T,A,0.302,0.024,0.182,0.081,A
T,0.079,0.057,0.051,0.41,T,G,0.007,0.03,0.524,0.077,G
C,0.178,0.358,0.144,0.037,C,C,0.095,0.384,0.145,0.033,C
T,0.109,0.102,0.168,0.45,T,A,0.36,0.179,0.103,0.114,A
G,0.067,0.065,0.49,0.185,G,G,0.0,0.0,0.0,0.0,N
C,0.188,0.304,0.081,0.169,C,G,0.041,0.084,0.597,0.069,G
T,0.125,0.168,0.071,0.592,T,A,0.513,0.175,0.061,0.005,A
G,0.159,0.114,0.423,0.02,G,T,0.05,0.116,0.028,0.562,T
A,0.699,0.033,0.029,0.089,A,A,0.383,0.162,0.032,0.131,A
A,0.521,0.135,0.057,0.007,A,T,0.055,0.056,0.002,0.355,T
G,0.171,0.007,0.472,0.159,G,C,0.087,0.436,0.116,0.039,C
C,0.185,0.473,0.046,0.193,C,T,0.051,0.014,0.143,0.668,T
C,0.132,0.647,0.056,0.01,C,T,0.058,0.106,0.064,0.419,T
T,0.0,0.0,0.0,0.0,N,A,0.418,0.041,0.159,0.032,A
A,0.622,0.13,0.157,0.147,A,T,0.125,0.105,0.02,0.507,T
T,0.169,0.198,0.095,0.31,T,T,0.07,0.195,0.108,0.434,T
C,0.085,0.642,0.137,0.127,C,G,0.01,0.183,0.61,0.13,G
T,0.197,0.113,0.141,0.512,T,G,0.152,0.0,0.644,0.121,G
T,0.189,0.143,0.093,0.439,T,C,0.161,0.621,0.016,0.012,C
A,0.323,0.137,0.003,0.07,A,C,0.044,0.514,0.147,0.166,C
A,0.651,0.073,0.034,0.156,A,G,0.096,0.176,0.517,0.143,G
C,0.116,0.408,0.082,0.033,C,G,0.071,0.149,0.59,0.074,G
T,0.074,0.158,0.16,0.531,T,A,0.074,0.031,0.095,0.131,T
G,0.0,0.0,0.0,0.0,N,A,0.067,0.076,0.126,0.178,T
T,0.049,0.154,0.192,0.444,T,C,0.146,0.48,0.167,0.137,C
C,0.074,0.613,0.051,0.034,C,A,0.401,0.127,0.011,0.06,A
C,0.101,0.562,0.173,0.18,C,T,0.075,0.055,0.113,0.393,T
T,0.173,0.184,0.137,0.322,T,G,0.078,0.181,0.442,0.079,G
C,0.053,0.437,0.073,0.196,C,C,0.169,0.52,0.065,0.13,C
T,0.184,0.035,0.008,0.362,T,T,0.086,0.162,0.001,0.572,T
C,0.189,0.44,0.027,0.137,C,G,0.151,0.037,0.698,0.026,G
A,0.633,0.182,0.06,0.124,A,G,0.195,0.136,0.669,0.039,G
T,0.028,0.147,0.098,0.381,T,T,0.028,0.074,0.089,0.469,T
G,0.007,0.095,0.487,0.14,G,A,0.501,0.16,0.088,0.013,A
A,0.421,0.021,0.154,0.073,A,G,0.091,0.06,0.339,0.166,G
G,0.022,0.026,0.511,0.13,G,T,0.124,0.039,0.01,0.538,T
C,0.0,0.0,0.0,0.0,N,A,0.577,0.141,0.103,0.042,A
G,0.181,0.038,0.439,0.049,G,A,0.45,0.055,0.015,0.154,A
G,0.117,0.021,0.319,0.097,G,C,0.049,0.538,0.064,0.1,C
T,0.147,0.148,0.073,0.548,T,A,0.561,0.185,0.165,0.031,A
T,0.103,0.025,0.125,0.435,T,T,0.016,0.064,0.107,0.663,T
C,0.023,0.623,0.188,0.185,C,T,0.013,0.16,0.068,0.311,T
A,0.669,0.034,0.191,0.199,A,A,0.309,0.07,0.065,0.188,A
G,0.005,0.148,0.581,0.144,G,A,0.104,0.135,0.038,0.199,T
T,0.061,0.185,0.097,0.527,T,G,0.025,0.057,0.661,0.012,G
G,0.106,0.179,0.559,0.089,G,T,0.141,0.103,0.136,0.437,T
C,0.074,0.655,0.105,0.16,C,G,0.091,0.152,0.578,0.004,G
G,0.093,0.143,0.568,0.169,G,G,0.155,0.032,0.421,0.116,G
C,0.052,0.448,0.031,0.08,C,T,0.137,0.051,0.064,0.654,T
C,0.178,0.518,0.112,0.096,C,A,0.533,0.124,0.19,0.15,A
T,0.153,0.1,0.183,0.529,T,C,0.121,0.519,0.074,0.15,C
A,0.442,0.075,0.105,0.047,A,A,0.696,0.035,0.129,0.08,A
G,0.083,0.162,0.315,0.071,G,T,0.121,0.002,0.151,0.372,T
G,0.067,0.048,0.654,0.09,G,G,0.162,0.122,0.404,0.116,G
C,0.09,0.618,0.04,0.019,C,A,0.654,0.082,0.115,0.015,A
C,0.051,0.507,0.116,0.137,C,C,0.021,0.505,0.102,0.17,C
T,0.037,0.057,0.15,0.446,T,T,0.197,0.057,0.075,0.578,T
C,0.054,0.572,0.151,0.014,C,A,0.462,0.07,0.147,0.183,A
C,0.124,0.492,0.103,0.183,C,G,0.136,0.186,0.43,0.147,G
C,0.048,0.304,0.051,0.009,C,C,0.023,0.453,0.177,0.074,C
G,0.138,0.112,0.493,0.193,G,G,0.123,0.18,0.323,0.104,G
G,0.126,0.177,0.353,0.199,G,G,0.127,0.102,0.478,0.024,G
C,0.002,0.633,0.149,0.196,C,C,0.0,0.0,0.0,0.0,N
C,0.01,0.329,0.188,0.075,C,A,0.562,0.052,0.037,0.019,A
G,0.016,0.003,0.66,0.019,G,A,0.414,0.135,0.071,0.064,A
A,0.689,0.154,0.192,0.001,A,C,0.085,0.41,0.178,0.042,C
C,0.034,0.349,0.071,0.012,C,C,0.029,0.634,0.067,0.08,C
C,0.031,0.469,0.157,0.08,C,T,0.169,0.146,0.091,0.352,T
G,0.145,0.034,0.657,0.185,G,C,0.022,0.399,0.12,0.026,C
A,0.408,0.045,0.032,0.014,A,T,0.073,0.16,0.004,0.477,T
T,0.042,0.01,0.155,0.343,T,G,0.179,0.2,0.623,0.178,G
C,0.069,0.68,0.017,0.169,C,C,0.059,0.607,0.189,0.054,C
T,0.043,0.168,0.132,0.445,T,T,0.071,0.13,0.042,0.31,T
T,0.152,0.069,0.053,0.542,T,G,0.094,0.174,0.676,0.008,G
A,0.668,0.115,0.001,0.147,A,G,0.0,0.0,0.0,0.0,N
A,0.684,0.01,0.099,0.183,A,A,0.513,0.189,0.07,0.165,A
T,0.15,0.098,0.097,0.482,T,T,0.014,0.094,0.1,0.688,T
T,0.088,0.092,0.128,0.544,T,G,0.154,0.174,0.372,0.085,G
T,0.0,0.0,0.0,0.0,N,T,0.076,0.133,0.129,0.498,T
A,0.603,0.043,0.033,0.142,A,C,0.173,0.548,0.083,0.132,C
G,0.12,0.153,0.55,0.007,G,G,0.072,0.046,0.51,0.119,G
T,0.057,0.18,0.119,0.615,T,G,0.055,0.021,0.611,0.182,G
T,0.181,0.061,0.171,0.687,T,G,0.087,0.002,0.441,0.16,G
T,0.155,0.02,0.027,0.19,T,C,0.02,0.334,0.115,0.016,C
C,0.082,0.535,0.2,0.041,C,A,0.451,0.085,0.068,0.102,A
C,0.101,0.44,0.166,0.02,C,G,0.0,0.0,0.0,0.0,N
T,0.193,0.113,0.09,0.461,T,T,0.027,0.107,0.033,0.6,T
T,0.156,0.087,0.19,0.592,T,T,0.037,0.044,0.043,0.448,T
C,0.2,0.685,0.101,0.176,C,G,0.174,0.184,0.347,0.126,G
A,0.559,0.085,0.072,0.007,A,A,0.433,0.172,0.183,0.138,A
G,0.108,0.09,0.381,0.028,G,G,0.013,0.157,0.433,0.052,G
C,0.155,0.532,0.019,0.151,C,G,0.004,0.091,0.625,0.088,G
A,0.689,0.071,0.094,0.104,A,A,0.363,0.096,0.171,0.075,A
A,0.44,0.181,0.138,0.108,A,C,0.095,0.511,0.19,0.117,C
A,0.394,0.073,0.158,0.15,A,T,0.129,0.153,0.133,0.643,T
T,0.173,0.043,0.16,0.406,T,G,0.083,0.043,0.624,0.132,G
T,0.085,0.012,0.013,0.621,T,C,0.003,0.449,0.033,0.139,C
A,0.46,0.142,0.183,0.128,A,T,0.194,0.057,0.199,0.416,T
G,0.155,0.022,0.486,0.037,G,C,0.016,0.525,0.04,0.046,C
G,0.195,0.127,0.578,0.124,G,G,0.076,0.065,0.429,0.065,G
C,0.161,0.584,0.02,0.133,C,G,0.187,0.132,0.579,0.085,G
T,0.078,0.127,0.107,0.528,T,C,0.189,0.349,0.167,0.196,C
C,0.071,0.368,0.052,0.058,C,C,0.083,0.477,0.069,0.136,C
G,0.027,0.083,0.375,0.151,G,C,0.119,0.606,0.012,0.053,C
C,0.165,0.645,0.148,0.124,C,T,0.007,0.096,0.155,0.475,T
C,0.175,0.592,0.043,0.023,C,T,0.026,0.079,0.131,0.414,T
C,0.15,0.637,0.069,0.117,C,G,0.149,0.02,0.403,0.007,G
T,0.102,0.113,0.185,0.596,T,G,0.057,0.016,0.666,0.023,G
C,0.169,0.317,0.181,0.05,C,A,0.093,0.061,0.1,0.117,G
C,0.037,0.595,0.161,0.055,C,T,0.123,0.089,0.144,0.515,T
A,0.634,0.027,0.057,0.19,A,A,0.506,0.01,0.192,0.12,A
A,0.508,0.019,0.002,0.11,A,C,0.106,0.459,0.075,0.175,C
A,0.311,0.019,0.178,0.099,A,C,0.106,0.682,0.003,0.036,C
A,0.386,0.065,0.089,0.108,A,A,0.364,0.2,0.029,0.093,A
T,0.145,0.13,0.156,0.434,T,G,0.09,0.199,0.386,0.038,G
A,0.612,0.193,0.191,0.142,A,G,0.022,0.185,0.492,0.04,G
A,0.476,0.186,0.165,0.1,A,C,0.139,0.401,0.158,0.027,C
T,0.185,0.019,0.173,0.571,T,T,0.16,0.14,0.134,0.482,T
T,0.035,0.112,0.096,0.685,T,T,0.005,0.091,0.098,0.571,T
A,0.318,0.134,0.095,0.186,A,T,0.08,0.068,0.038,0.641,T
T,0.141,0.114,0.192,0.414,T,A,0.511,0.053,0.125,0.06,A
A,0.432,0.02,0.0,0.014,A,A,0.633,0.023,0.072,0.064,A
C,0.009,0.554,0.015,0.174,C,C,0.088,0.404,0.096,0.004,C
A,0.55,0.041,0.132,0.028,A,C,0.103,0.575,0.076,0.083,C
C,0.073,0.311,0.159,0.008,C,A,0.383,0.103,0.035,0.022,A
G,0.096,0.039,0.322,0.061,G,G,0.138,0.179,0.353,0.123,G
C,0.024,0.414,0.1,0.087,C,T,0.055,0.118,0.075,0.3,T
A,0.371,0.069,0.139,0.11,A,G,0.03,0.039,0.343,0.032,G
A,0.668,0.183,0.14,0.106,A,C,0.106,0.51,0.073,0.098,C
A,0.543,0.12,0.137,0.053,A,G,0.194,0.126,0.499,0.01,G
C,0.0,0.0,0.0,0.0,N,A,0.568,0.15,0.186,0.141,A
C,0.013,0.325,0.06,0.015,C,A,0.594,0.149,0.07,0.098,A
G,0.005,0.079,0.647,0.103,G,A,0.572,0.168,0.109,0.04,A
A,0.396,0.103,0.128,0.092,A,T,0.165,0.077,0.122,0.337,T
A,0.646,0.128,0.16,0.042,A,C,0.143,0.446,0.048,0.065,C
C,0.189,0.588,0.155,0.126,C,A,0.415,0.12,0.137,0.039,A
G,0.067,0.119,0.49,0.153,G,A,0.589,0.121,0.181,0.168,A
T,0.165,0.043,0.151,0.048,G,G,0.147,0.007,0.684,0.14,G
T,0.142,0.058,0.19,0.559,T,G,0.006,0.02,0.456,0.09,G
A,0.574,0.161,0.11,0.139,A,A,0.343,0.065,0.169,0.159,A
T,0.178,0.05,0.185,0.341,T,C,0.165,0.542,0.08,0.049,C
A,0.0,0.0,0.0,0.0,N,C,0.092,0.486,0.096,0.085,C
A,0.382,0.065,0.036,0.078,A,C,0.178,0.565,0.047,0.123,C
T,0.185,0.016,0.159,0.31,T,G,0.107,0.08,0.514,0.115,G
A,0.546,0.043,0.166,0.03,A,A,0.039,0.136,0.167,0.109,G
T,0.125,0.082,0.184,0.496,T,A,0.015,0.059,0.062,0.159,T
C,0.081,0.585,0.103,0.095,C,A,0.621,0.16,0.038,0.153,A
C,0.011,0.657,0.19,0.063,C,T,0.199,0.125,0.153,0.695,T
G,0.178,0.082,0.542,0.152,G,A,0.569,0.016,0.191,0.18,A
G,0.167,0.033,0.517,0.11,G,G,0.074,0.188,0.417,0.057,G
G,0.189,0.165,0.343,0.102,G,T,0.09,0.19,0.118,0.441,T
T,0.186,0.091,0.025,0.444,T,G,0.179,0.158,0.345,0.06,G
A,0.65,0.117,0.036,0.002,A,A,0.647,0.11,0.103,0.032,A
T,0.027,0.142,0.072,0.348,T,G,0.153,0.146,0.372,0.124,G
T,0.004,0.073,0.172,0.583,T,A,0.5,0.099,0.015,0.074,A
T,0.033,0.052,0.005,0.592,T,T,0.073,0.016,0.154,0.588,T
G,0.074,0.193,0.647,0.108,G,T,0.149,0.041,0.172,0.32,T
C,0.178,0.395,0.042,0.04,C,T,0.161,0.166,0.131,0.662,T
C,0.164,0.484,0.089,0.059,C,G,0.177,0.133,0.544,0.111,G
G,0.171,0.053,0.628,0.114,G,T,0.141,0.124,0.175,0.478,T
C,0.128,0.346,0.079,0.119,C,A,0.556,0.123,0.03,0.165,A
G,0.17,0.089,0.438,0.186,G,G,0.11,0.112,0.385,0.116,G
C,0.17,0.413,0.025,0.165,C,A,0.575,0.185,0.057,0.126,A
C,0.195,0.405,0.059,0.083,C,A,0.447,0.101,0.126,0.068,A
G,0.163,0.188,0.389,0.158,G,C,0.031,0.381,0.113,0.076,C
T,0.181,0.14,0.064,0.604,T,C,0.186,0.469,0.144,0.168,C
A,0.534,0.032,0.026,0.175,A,T,0.11,0.08,0.196,0.686,T
T,0.104,0.178,0.181,0.491,T,T,0.0,0.0,0.0,0.0,N
A,0.693,0.048,0.022,0.001,A,C,0.032,0.691,0.193,0.083,C
C,0.03,0.563,0.114,0.154,C,A,0.697,0.02,0.132,0.184,A
A,0.496,0.136,0.068,0.005,A,T,0.192,0.049,0.115,0.473,T
G,0.1,0.001,0.383,0.155,G,A,0.019,0.17,0.171,0.094,G
