ref_1,A_1,C_1,G_1,T_1,call_1,ref_2,A_2,C_2,G_2,T_2
G,0.071,0.168,0.232,0.168,C,T,0.037,0.122,0.004,0.122
A,0.285,0.099,0.064,0.099,T,A,0.155,0.027,0.086,0.027
C,0.196,0.321,0.148,0.321,A,C,0.049,0.06,0.084,0.06
G,0.088,0.17,0.36,0.17,C,A,0.335,0.165,0.111,0.165
T,0.056,0.129,0.111,0.129,G,A,0.201,0.122,0.184,0.122
G,0.113,0.007,0.396,0.007,C,A,0.259,0.019,0.054,0.019
C,0.181,0.218,0.018,0.218,A,A,0.267,0.162,0.173,0.162
G,0.081,0.124,0.297,0.124,C,C,0.168,0.325,0.026,0.325
A,0.332,0.014,0.174,0.014,T,A,0.253,0.092,0.128,0.092
C,0.164,0.367,0.032,0.367,A,T,0.143,0.027,0.194,0.027
G,0.137,0.043,0.338,0.043,C,G,0.008,0.173,0.21,0.173
A,0.239,0.134,0.167,0.134,T,A,0.312,0.022,0.076,0.022
T,0.062,0.157,0.173,0.157,G,G,0.186,0.075,0.35,0.075
C,0.061,0.259,0.01,0.259,A,C,0.044,0.329,0.043,0.329
G,0.068,0.075,0.272,0.075,C,T,0.016,0.101,0.08,0.101
C,0.172,0.235,0.0,0.235,A,T,0.142,0.022,0.192,0.022
T,0.181,0.042,0.096,0.042,G,A,0.21,0.122,0.01,0.122
A,0.373,0.169,0.11,0.169,T,T,0.16,0.084,0.09,0.084
C,0.146,0.022,0.173,0.022,C,T,0.096,0.196,0.065,0.196
T,0.075,0.199,0.154,0.199,G,T,0.189,0.149,0.168,0.149
A,0.0,0.0,0.0,0.0,N,T,0.196,0.086,0.106,0.086
T,0.028,0.116,0.021,0.116,G,G,0.02,0.174,0.361,0.174
C,0.135,0.388,0.032,0.388,A,T,0.102,0.194,0.184,0.194
G,0.01,0.045,0.301,0.045,C,G,0.102,0.188,0.394,0.188
A,0.274,0.042,0.188,0.042,T,T,0.072,0.173,0.16,0.173
T,0.005,0.199,0.087,0.199,G,T,0.177,0.005,0.11,0.005
G,0.022,0.181,0.355,0.181,C,T,0.174,0.069,0.164,0.069
A,0.398,0.143,0.056,0.143,T,C,0.019,0.352,0.134,0.352
A,0.333,0.092,0.173,0.092,T,C,0.09,0.317,0.012,0.317
A,0.327,0.038,0.063,0.038,T,G,0.02,0.147,0.346,0.147
T,0.181,0.169,0.119,0.169,G,T,0.035,0.18,0.003,0.18
T,0.155,0.157,0.028,0.157,G,C,0.166,0.28,0.141,0.28
A,0.288,0.02,0.002,0.02,T,T,0.178,0.002,0.12,0.002
G,0.148,0.088,0.374,0.088,C,G,0.161,0.086,0.334,0.086
G,0.18,0.101,0.328,0.101,C,C,0.163,0.365,0.031,0.365
T,0.034,0.167,0.014,0.167,G,G,0.025,0.001,0.243,0.001
C,0.184,0.244,0.045,0.244,A,T,0.002,0.196,0.089,0.196
C,0.152,0.315,0.049,0.315,A,A,0.395,0.05,0.199,0.05
C,0.085,0.315,0.161,0.315,A,T,0.179,0.194,0.032,0.194
G,0.169,0.178,0.306,0.178,C,C,0.174,0.227,0.039,0.227
G,0.061,0.057,0.287,0.057,C,A,0.23,0.082,0.091,0.082
T,0.047,0.189,0.119,0.189,G,A,0.264,0.136,0.061,0.136
C,0.046,0.129,0.14,0.129,C,C,0.007,0.342,0.185,0.342
A,0.376,0.082,0.072,0.082,T,T,0.104,0.065,0.096,0.065
T,0.099,0.113,0.139,0.113,G,A,0.25,0.182,0.054,0.182
G,0.109,0.079,0.284,0.079,C,C,0.053,0.251,0.106,0.251
G,0.06,0.063,0.347,0.063,C,A,0.245,0.132,0.006,0.132
A,0.217,0.108,0.122,0.108,T,A,0.21,0.096,0.196,0.096
G,0.075,0.03,0.322,0.03,C,C,0.01,0.224,0.105,0.224
A,0.399,0.187,0.125,0.187,T,C,0.139,0.396,0.176,0.396
G,0.193,0.011,0.325,0.011,C,G,0.187,0.178,0.358,0.178
A,0.223,0.083,0.037,0.083,T,C,0.196,0.147,0.199,0.147
T,0.002,0.021,0.001,0.021,G,T,0.073,0.122,0.127,0.122
A,0.22,0.162,0.143,0.162,T,G,0.0,0.0,0.0,0.0
C,0.139,0.394,0.169,0.394,A,A,0.203,0.19,0.169,0.19
C,0.063,0.158,0.134,0.158,A,A,0.253,0.166,0.178,0.166
C,0.019,0.4,0.001,0.4,A,G,0.177,0.2,0.239,0.2
A,0.231,0.111,0.107,0.111,T,C,0.032,0.208,0.055,0.208
T,0.122,0.082,0.1,0.082,G,G,0.044,0.19,0.252,0.19
C,0.033,0.357,0.029,0.357,A,G,0.15,0.155,0.253,0.155
T,0.096,0.017,0.198,0.017,G,A,0.206,0.091,0.199,0.091
G,0.076,0.184,0.34,0.184,C,T,0.187,0.196,0.094,0.196
A,0.263,0.184,0.04,0.184,T,A,0.322,0.149,0.052,0.149
G,0.0,0.0,0.0,0.0,N,G,0.092,0.14,0.293,0.14
C,0.167,0.341,0.053,0.341,A,C,0.189,0.354,0.111,0.354
T,0.015,0.15,0.119,0.15,G,G,0.092,0.05,0.302,0.05
C,0.151,0.351,0.063,0.351,A,C,0.082,0.4,0.062,0.4
C,0.175,0.255,0.077,0.255,A,C,0.081,0.344,0.167,0.344
C,0.0,0.375,0.013,0.375,A,T,0.185,0.017,0.184,0.017
A,0.006,0.101,0.136,0.101,G,A,0.313,0.056,0.109,0.056
G,0.188,0.189,0.252,0.189,C,C,0.13,0.246,0.028,0.246
C,0.114,0.296,0.058,0.296,A,T,0.033,0.006,0.142,0.006
C,0.038,0.278,0.118,0.278,A,T,0.113,0.007,0.063,0.007
T,0.131,0.181,0.032,0.181,G,C,0.064,0.327,0.026,0.327
C,0.154,0.2,0.078,0.2,A,C,0.122,0.364,0.137,0.364
A,0.253,0.008,0.082,0.008,T,T,0.027,0.16,0.037,0.16
A,0.345,0.038,0.039,0.038,T,T,0.17,0.078,0.129,0.078
C,0.186,0.213,0.092,0.213,A,A,0.308,0.05,0.064,0.05
A,0.324,0.038,0.147,0.038,T,C,0.041,0.31,0.178,0.31
G,0.125,0.085,0.282,0.085,C,T,0.172,0.015,0.107,0.015
T,0.038,0.121,0.022,0.121,G,T,0.017,0.069,0.162,0.069
T,0.145,0.198,0.026,0.198,G,G,0.077,0.178,0.2,0.178
G,0.041,0.06,0.392,0.06,C,G,0.115,0.121,0.263,0.121
T,0.009,0.184,0.072,0.184,G,A,0.231,0.109,0.113,0.109
G,0.053,0.15,0.33,0.15,C,C,0.106,0.227,0.038,0.227
T,0.0,0.183,0.11,0.183,G,G,0.165,0.183,0.338,0.183
T,0.15,0.112,0.08,0.112,G,G,0.009,0.179,0.299,0.179
T,0.071,0.161,0.191,0.161,G,T,0.074,0.104,0.108,0.104
A,0.385,0.166,0.054,0.166,T,T,0.005,0.093,0.005,0.093
G,0.037,0.17,0.215,0.17,C,G,0.045,0.013,0.345,0.013
G,0.181,0.164,0.264,0.164,C,G,0.043,0.05,0.379,0.05
C,0.181,0.335,0.048,0.335,A,G,0.139,0.16,0.387,0.16
G,0.185,0.186,0.348,0.186,C,C,0.053,0.263,0.095,0.263
T,0.018,0.118,0.073,0.118,G,A,0.31,0.182,0.082,0.182
G,0.059,0.153,0.272,0.153,C,C,0.077,0.381,0.118,0.381
G,0.05,0.098,0.373,0.098,C,A,0.342,0.118,0.08,0.118
A,0.226,0.194,0.189,0.194,T,T,0.117,0.12,0.094,0.12
T,0.113,0.154,0.068,0.154,G,G,0.185,0.05,0.231,0.05
A,0.275,0.009,0.109,0.009,T,C,0.088,0.283,0.101,0.283
C,0.105,0.204,0.06,0.204,A,T,0.127,0.093,0.079,0.093
T,0.147,0.111,0.191,0.111,G,C,0.116,0.21,0.192,0.21
A,0.143,0.169,0.19,0.169,C,G,0.084,0.068,0.251,0.068
G,0.059,0.179,0.28,0.179,C,T,0.182,0.015,0.131,0.015
A,0.388,0.082,0.036,0.082,T,G,0.131,0.132,0.324,0.132
C,0.148,0.241,0.105,0.241,A,C,0.111,0.22,0.073,0.22
A,0.334,0.01,0.115,0.01,T,G,0.102,0.103,0.317,0.103
G,0.101,0.108,0.196,0.108,C,G,0.086,0.06,0.259,0.06
A,0.396,0.074,0.015,0.074,T,G,0.173,0.071,0.23,0.071
G,0.042,0.093,0.342,0.093,C,A,0.228,0.158,0.134,0.158
A,0.241,0.124,0.081,0.124,T,C,0.11,0.256,0.127,0.256
G,0.016,0.169,0.275,0.169,C,C,0.024,0.255,0.126,0.255
C,0.003,0.257,0.075,0.257,A,G,0.125,0.092,0.052,0.092
A,0.301,0.025,0.196,0.025,T,G,0.114,0.124,0.328,0.124
G,0.162,0.159,0.331,0.159,C,C,0.093,0.264,0.126,0.264
C,0.185,0.396,0.041,0.396,A,T,0.051,0.09,0.155,0.09
C,0.074,0.366,0.141,0.366,A,G,0.17,0.139,0.159,0.139
C,0.075,0.254,0.14,0.254,A,C,0.1,0.392,0.028,0.392
C,0.061,0.349,0.032,0.349,A,T,0.067,0.116,0.105,0.116
G,0.167,0.19,0.317,0.19,C,A,0.339,0.059,0.088,0.059
G,0.058,0.141,0.203,0.141,C,C,0.091,0.22,0.068,0.22
T,0.054,0.028,0.041,0.028,G,A,0.323,0.115,0.132,0.115
G,0.147,0.124,0.266,0.124,C,T,0.064,0.2,0.07,0.2
A,0.36,0.086,0.068,0.086,T,T,0.027,0.011,0.08,0.011
A,0.342,0.192,0.107,0.192,T,T,0.1,0.163,0.101,0.163
A,0.246,0.017,0.024,0.017,T,A,0.253,0.017,0.187,0.017
A,0.202,0.082,0.195,0.082,T,T,0.097,0.124,0.096,0.124
T,0.127,0.167,0.022,0.167,G,A,0.346,0.071,0.118,0.071
T,0.035,0.128,0.186,0.128,G,T,0.138,0.041,0.141,0.041
A,0.215,0.136,0.142,0.136,T,T,0.111,0.193,0.075,0.193
A,0.241,0.001,0.113,0.001,T,T,0.073,0.142,0.138,0.142
G,0.147,0.158,0.348,0.158,C,A,0.205,0.027,0.18,0.027
C,0.155,0.277,0.07,0.277,A,T,0.136,0.104,0.051,0.104
G,0.155,0.091,0.363,0.091,C,A,0.0,0.0,0.0,0.0
T,0.18,0.041,0.071,0.041,G,C,0.195,0.199,0.011,0.199
A,0.361,0.154,0.106,0.154,T,G,0.081,0.131,0.359,0.131
T,0.145,0.061,0.086,0.061,G,C,0.03,0.307,0.074,0.307
T,0.175,0.054,0.02,0.054,G,T,0.171,0.169,0.13,0.169
T,0.146,0.028,0.019,0.028,G,G,0.05,0.161,0.305,0.161
T,0.17,0.02,0.119,0.02,G,G,0.09,0.001,0.336,0.001
A,0.326,0.144,0.088,0.144,T,A,0.331,0.154,0.168,0.154
G,0.029,0.054,0.374,0.054,C,A,0.383,0.043,0.023,0.043
C,0.023,0.228,0.111,0.228,A,G,0.164,0.119,0.293,0.119
T,0.09,0.123,0.157,0.123,G,C,0.053,0.381,0.161,0.381
A,0.371,0.002,0.04,0.002,T,C,0.039,0.287,0.101,0.287
A,0.324,0.131,0.048,0.131,T,T,0.196,0.019,0.132,0.019
A,0.367,0.136,0.067,0.136,T,T,0.037,0.123,0.156,0.123
A,0.29,0.077,0.155,0.077,T,A,0.299,0.182,0.009,0.182
C,0.047,0.305,0.159,0.305,A,A,0.32,0.132,0.081,0.132
C,0.07,0.349,0.057,0.349,A,C,0.075,0.37,0.178,0.37
T,0.153,0.111,0.005,0.111,G,G,0.191,0.005,0.283,0.005
A,0.398,0.063,0.001,0.063,T,T,0.121,0.159,0.175,0.159
G,0.094,0.152,0.251,0.152,C,A,0.306,0.061,0.063,0.061
C,0.011,0.326,0.125,0.326,A,T,0.019,0.087,0.055,0.087
C,0.197,0.361,0.081,0.361,A,T,0.154,0.146,0.128,0.146
T,0.183,0.033,0.111,0.033,G,T,0.122,0.127,0.114,0.127
A,0.0,0.0,0.0,0.0,N,T,0.156,0.116,0.127,0.116
G,0.179,0.194,0.399,0.194,C,A,0.299,0.084,0.105,0.084
A,0.25,0.013,0.076,0.013,T,C,0.0,0.0,0.0,0.0
C,0.134,0.325,0.116,0.325,A,A,0.365,0.03,0.06,0.03
T,0.152,0.034,0.113,0.034,G,T,0.063,0.052,0.038,0.052
A,0.231,0.076,0.114,0.076,T,C,0.143,0.251,0.027,0.251
T,0.181,0.087,0.045,0.087,G,A,0.296,0.143,0.177,0.143
A,0.39,0.161,0.057,0.161,T,G,0.181,0.041,0.287,0.041
G,0.196,0.086,0.216,0.086,C,G,0.154,0.063,0.208,0.063
A,0.324,0.026,0.182,0.026,T,T,0.05,0.002,0.023,0.002
G,0.133,0.116,0.378,0.116,C,G,0.141,0.109,0.283,0.109
A,0.396,0.015,0.2,0.015,T,G,0.107,0.017,0.35,0.017
T,0.108,0.199,0.148,0.199,G,G,0.137,0.088,0.37,0.088
A,0.371,0.128,0.163,0.128,T,C,0.158,0.224,0.077,0.224
T,0.127,0.096,0.068,0.096,G,G,0.135,0.175,0.309,0.175
A,0.355,0.07,0.185,0.07,T,G,0.176,0.056,0.348,0.056
T,0.072,0.106,0.021,0.106,G,A,0.363,0.114,0.082,0.114
A,0.316,0.199,0.182,0.199,T,G,0.039,0.123,0.286,0.123
A,0.339,0.037,0.173,0.037,T,G,0.0,0.0,0.0,0.0
C,0.01,0.263,0.145,0.263,A,A,0.33,0.099,0.198,0.099
C,0.197,0.203,0.007,0.203,A,A,0.229,0.186,0.059,0.186
G,0.009,0.191,0.272,0.191,C,T,0.146,0.075,0.04,0.075
C,0.055,0.365,0.196,0.365,A,G,0.056,0.188,0.284,0.188
T,0.16,0.045,0.023,0.045,G,G,0.026,0.129,0.234,0.129
C,0.128,0.315,0.033,0.315,A,C,0.121,0.362,0.107,0.362
T,0.102,0.051,0.012,0.051,G,T,0.068,0.157,0.081,0.157
C,0.184,0.287,0.107,0.287,A,G,0.065,0.124,0.237,0.124
A,0.272,0.193,0.013,0.193,T,G,0.182,0.153,0.355,0.153
T,0.029,0.068,0.109,0.068,G,T,0.071,0.081,0.033,0.081
C,0.051,0.297,0.148,0.297,A,C,0.142,0.355,0.024,0.355
A,0.379,0.062,0.144,0.062,T,G,0.085,0.051,0.312,0.051
C,0.118,0.277,0.076,0.277,A,T,0.069,0.088,0.121,0.088
A,0.007,0.102,0.066,0.102,A,A,0.319,0.167,0.107,0.167
T,0.087,0.027,0.095,0.027,G,G,0.021,0.191,0.265,0.191
T,0.098,0.181,0.147,0.181,G,A,0.242,0.026,0.121,0.026
G,0.035,0.133,0.202,0.133,C,G,0.043,0.175,0.282,0.175
A,0.178,0.15,0.112,0.15,T,T,0.088,0.18,0.039,0.18
G,0.017,0.169,0.212,0.169,C,T,0.139,0.184,0.121,0.184
T,0.036,0.049,0.151,0.049,G,T,0.0,0.0,0.0,0.0
G,0.165,0.133,0.336,0.133,C,A,0.358,0.071,0.147,0.071
A,0.258,0.034,0.185,0.034,T,G,0.103,0.185,0.339,0.185
C,0.031,0.112,0.009,0.112,A,T,0.062,0.174,0.194,0.174
T,0.188,0.004,0.023,0.004,G,G,0.085,0.194,0.217,0.194
C,0.165,0.372,0.196,0.372,A,C,0.064,0.284,0.173,0.284
A,0.374,0.059,0.179,0.059,T,G,0.083,0.158,0.257,0.158
A,0.0,0.0,0.0,0.0,N,A,0.0,0.0,0.0,0.0
A,0.346,0.026,0.166,0.026,T,T,0.015,0.141,0.09,0.141
C,0.144,0.389,0.01,0.389,A,C,0.008,0.391,0.181,0.391
A,0.334,0.029,0.178,0.029,T,A,0.294,0.094,0.103,0.094
T,0.16,0.148,0.015,0.148,G,A,0.284,0.17,0.176,0.17
T,0.094,0.157,0.064,0.157,G,G,0.085,0.044,0.359,0.044
T,0.149,0.036,0.197,0.036,G,C,0.021,0.396,0.01,0.396
T,0.102,0.182,0.189,0.182,G,T,0.037,0.04,0.151,0.04
A,0.306,0.048,0.047,0.048,T,C,0.037,0.382,0.094,0.382
G,0.031,0.128,0.281,0.128,C,G,0.054,0.005,0.384,0.005
G,0.199,0.003,0.359,0.003,C,C,0.137,0.255,0.021,0.255
G,0.043,0.183,0.206,0.183,C,T,0.03,0.192,0.008,0.192
T,0.111,0.097,0.112,0.097,G,T,0.064,0.016,0.151,0.016
T,0.003,0.117,0.113,0.117,G,T,0.107,0.137,0.122,0.137
T,0.027,0.082,0.07,0.082,G,G,0.081,0.107,0.345,0.107
T,0.09,0.012,0.069,0.012,G,T,0.077,0.184,0.178,0.184
G,0.154,0.097,0.258,0.097,C,T,0.011,0.099,0.019,0.099
T,0.049,0.027,0.0,0.027,G,G,0.127,0.08,0.374,0.08
C,0.048,0.223,0.16,0.223,A,A,0.324,0.194,0.094,0.194
G,0.045,0.124,0.216,0.124,C,A,0.297,0.053,0.082,0.053
G,0.195,0.104,0.362,0.104,C,C,0.147,0.171,0.011,0.171
G,0.142,0.05,0.264,0.05,C,C,0.13,0.316,0.027,0.316
T,0.188,0.053,0.036,0.053,G,G,0.027,0.099,0.253,0.099
T,0.109,0.09,0.175,0.09,G,G,0.051,0.092,0.213,0.092
C,0.18,0.203,0.087,0.203,A,G,0.023,0.151,0.33,0.151
T,0.126,0.171,0.084,0.171,G,T,0.106,0.169,0.001,0.169
G,0.05,0.033,0.262,0.033,C,T,0.126,0.046,0.189,0.046
A,0.345,0.163,0.043,0.163,T,C,0.111,0.27,0.013,0.27
C,0.054,0.39,0.148,0.39,A,T,0.179,0.12,0.143,0.12
G,0.134,0.0,0.346,0.0,C,A,0.233,0.189,0.112,0.189
T,0.061,0.074,0.01,0.074,G,A,0.387,0.155,0.186,0.155
G,0.145,0.009,0.327,0.009,C,T,0.199,0.052,0.149,0.052
C,0.065,0.203,0.016,0.203,A,A,0.311,0.004,0.111,0.004
A,0.279,0.166,0.12,0.166,T,C,0.057,0.347,0.09,0.347
G,0.061,0.148,0.278,0.148,C,C,0.121,0.316,0.185,0.316
G,0.058,0.149,0.301,0.149,C,C,0.116,0.243,0.043,0.243
A,0.354,0.072,0.034,0.072,T,A,0.359,0.162,0.107,0.162
T,0.139,0.122,0.042,0.122,G,T,0.092,0.068,0.097,0.068
A,0.337,0.09,0.046,0.09,T,A,0.266,0.067,0.169,0.067
G,0.087,0.098,0.263,0.098,C,A,0.303,0.149,0.172,0.149
T,0.07,0.18,0.004,0.18,G,T,0.125,0.193,0.112,0.193
A,0.333,0.12,0.127,0.12,T,G,0.062,0.026,0.372,0.026
T,0.113,0.096,0.042,0.096,G,A,0.257,0.131,0.009,0.131
C,0.181,0.359,0.126,0.359,A,T,0.06,0.138,0.007,0.138
G,0.191,0.015,0.358,0.015,C,A,0.291,0.164,0.135,0.164
G,0.085,0.134,0.366,0.134,C,T,0.041,0.178,0.166,0.178
A,0.34,0.153,0.039,0.153,T,T,0.133,0.075,0.157,0.075
C,0.137,0.262,0.147,0.262,A,A,0.261,0.195,0.05,0.195
A,0.336,0.163,0.094,0.163,T,T,0.034,0.153,0.173,0.153
T,0.119,0.107,0.185,0.107,G,G,0.123,0.099,0.229,0.099
G,0.025,0.108,0.261,0.108,C,C,0.199,0.318,0.071,0.318
A,0.201,0.129,0.017,0.129,T,A,0.0,0.0,0.0,0.0
A,0.268,0.063,0.048,0.063,T,G,0.146,0.065,0.275,0.065
A,0.248,0.011,0.177,0.011,T,C,0.0,0.0,0.0,0.0
T,0.165,0.166,0.116,0.166,G,C,0.135,0.329,0.015,0.329
C,0.166,0.39,0.015,0.39,A,C,0.08,0.397,0.093,0.397
C,0.099,0.337,0.008,0.337,A,T,0.136,0.066,0.013,0.066
T,0.109,0.153,0.062,0.153,G,T,0.035,0.134,0.008,0.134
G,0.101,0.061,0.264,0.061,C,A,0.249,0.187,0.078,0.187
G,0.178,0.084,0.149,0.084,T,A,0.281,0.093,0.107,0.093
A,0.377,0.067,0.184,0.067,T,C,0.191,0.307,0.172,0.307
G,0.171,0.133,0.392,0.133,C,C,0.101,0.394,0.037,0.394
C,0.172,0.186,0.075,0.186,A,T,0.011,0.163,0.026,0.163
C,0.119,0.074,0.012,0.074,T,T,0.148,0.117,0.161,0.117
T,0.168,0.121,0.13,0.121,G,C,0.025,0.391,0.099,0.391
C,0.129,0.325,0.182,0.325,A,T,0.111,0.003,0.044,0.003
C,0.087,0.246,0.009,0.246,A,T,0.015,0.079,0.126,0.079
A,0.292,0.069,0.148,0.069,T,C,0.121,0.255,0.145,0.255
G,0.099,0.127,0.319,0.127,C,A,0.237,0.196,0.103,0.196
A,0.349,0.195,0.105,0.195,T,A,0.353,0.134,0.032,0.134
C,0.153,0.374,0.015,0.374,A,A,0.21,0.02,0.151,0.02
T,0.076,0.152,0.023,0.152,G,T,0.191,0.103,0.118,0.103
G,0.019,0.123,0.241,0.123,C,C,0.04,0.25,0.013,0.25
T,0.09,0.146,0.05,0.146,A,C,0.129,0.392,0.141,0.392
C,0.042,0.28,0.156,0.28,A,G,0.121,0.147,0.302,0.147
T,0.04,0.052,0.193,0.052,G,C,0.074,0.376,0.071,0.376
G,0.055,0.057,0.254,0.057,C,G,0.103,0.113,0.367,0.113
T,0.033,0.195,0.154,0.195,G,G,0.01,0.101,0.292,0.101
T,0.065,0.15,0.124,0.15,G,G,0.004,0.114,0.298,0.114
T,0.057,0.083,0.186,0.083,G,A,0.347,0.03,0.199,0.03
T,0.065,0.098,0.091,0.098,G,G,0.123,0.03,0.267,0.03
G,0.0,0.0,0.0,0.0,N,G,0.146,0.042,0.338,0.042
G,0.117,0.172,0.387,0.172,C,T,0.118,0.011,0.005,0.011
A,0.205,0.144,0.115,0.144,T,C,0.129,0.319,0.099,0.319
G,0.09,0.074,0.208,0.074,C,G,0.054,0.009,0.277,0.009
T,0.092,0.027,0.164,0.027,G,C,0.082,0.007,0.139,0.007
C,0.137,0.217,0.128,0.217,A,A,0.209,0.147,0.164,0.147
C,0.155,0.252,0.173,0.252,A,T,0.109,0.057,0.059,0.057
T,0.189,0.043,0.101,0.043,G,A,0.307,0.061,0.038,0.061
G,0.095,0.082,0.24,0.082,C,T,0.072,0.012,0.185,0.012
C,0.063,0.247,0.116,0.247,A,T,0.009,0.065,0.185,0.065
C,0.072,0.237,0.196,0.237,A,G,0.056,0.053,0.28,0.053
T,0.1,0.193,0.107,0.193,G,G,0.195,0.035,0.369,0.035
A,0.397,0.017,0.177,0.017,T,C,0.151,0.362,0.18,0.362
A,0.376,0.188,0.15,0.188,T,A,0.0,0.0,0.0,0.0
C,0.159,0.367,0.09,0.367,A,T,0.0,0.0,0.0,0.0
G,0.018,0.012,0.393,0.012,C,A,0.17,0.174,0.14,0.174
A,0.363,0.06,0.025,0.06,T,G,0.141,0.091,0.291,0.091
T,0.08,0.1,0.058,0.1,G,C,0.072,0.212,0.063,0.212
A,0.396,0.101,0.038,0.101,T,C,0.147,0.354,0.067,0.354
T,0.001,0.036,0.002,0.036,G,G,0.186,0.083,0.396,0.083
C,0.164,0.287,0.17,0.287,A,C,0.143,0.299,0.044,0.299
A,0.374,0.011,0.102,0.011,T,C,0.194,0.318,0.043,0.318
G,0.017,0.146,0.297,0.146,C,T,0.148,0.084,0.168,0.084
G,0.051,0.102,0.281,0.102,C,A,0.373,0.051,0.126,0.051
A,0.222,0.104,0.027,0.104,T,T,0.098,0.144,0.07,0.144
C,0.01,0.344,0.08,0.344,A,A,0.391,0.174,0.105,0.174
C,0.086,0.363,0.084,0.363,A,C,0.19,0.367,0.111,0.367
T,0.093,0.116,0.089,0.116,G,C,0.106,0.263,0.133,0.263
G,0.167,0.165,0.26,0.165,C,T,0.172,0.12,0.067,0.12
A,0.229,0.052,0.101,0.052,T,A,0.266,0.159,0.112,0.159
A,0.379,0.081,0.1,0.081,T,T,0.098,0.026,0.083,0.026
G,0.032,0.102,0.36,0.102,C,G,0.128,0.195,0.262,0.195
G,0.06,0.147,0.209,0.147,C,C,0.102,0.322,0.048,0.322
C,0.098,0.253,0.17,0.253,A,C,0.032,0.332,0.026,0.332
C,0.135,0.378,0.144,0.378,A,C,0.021,0.281,0.098,0.281
T,0.126,0.183,0.134,0.183,G,A,0.312,0.122,0.036,0.122
G,0.094,0.056,0.4,0.056,C,T,0.128,0.075,0.108,0.075
T,0.139,0.139,0.149,0.139,G,G,0.031,0.111,0.322,0.111
G,0.074,0.087,0.226,0.087,C,T,0.061,0.141,0.105,0.141
G,0.138,0.033,0.204,0.033,C,C,0.018,0.368,0.036,0.368
C,0.092,0.304,0.059,0.304,A,G,0.074,0.137,0.29,0.137
C,0.071,0.337,0.025,0.337,A,G,0.135,0.072,0.205,0.072
A,0.215,0.052,0.13,0.052,T,T,0.19,0.193,0.092,0.193
A,0.323,0.041,0.045,0.041,T,T,0.168,0.133,0.049,0.133
T,0.015,0.021,0.175,0.021,G,C,0.077,0.241,0.021,0.241
A,0.329,0.115,0.169,0.115,T,T,0.189,0.129,0.001,0.129
A,0.0,0.0,0.0,0.0,N,A,0.305,0.149,0.011,0.149
T,0.067,0.069,0.007,0.069,G,G,0.183,0.185,0.29,0.185
A,0.026,0.056,0.065,0.056,C,T,0.143,0.114,0.161,0.114
T,0.099,0.123,0.149,0.123,G,A,0.29,0.19,0.141,0.19
G,0.091,0.13,0.255,0.13,C,T,0.05,0.199,0.015,0.199
A,0.385,0.041,0.027,0.041,T,A,0.261,0.086,0.131,0.086
G,0.07,0.122,0.251,0.122,C,A,0.345,0.026,0.059,0.026
C,0.118,0.37,0.104,0.37,A,C,0.167,0.279,0.085,0.279
A,0.387,0.055,0.043,0.055,T,T,0.057,0.156,0.137,0.156
G,0.121,0.077,0.38,0.077,C,C,0.021,0.387,0.186,0.387
A,0.345,0.012,0.168,0.012,T,G,0.061,0.143,0.354,0.143
C,0.156,0.336,0.143,0.336,A,G,0.161,0.142,0.399,0.142
A,0.299,0.119,0.185,0.119,T,G,0.101,0.03,0.249,0.03
G,0.09,0.039,0.342,0.039,C,A,0.208,0.067,0.014,0.067
T,0.023,0.163,0.163,0.163,G,G,0.084,0.05,0.249,0.05
G,0.01,0.087,0.309,0.087,C,C,0.164,0.367,0.058,0.367
T,0.001,0.095,0.157,0.095,G,G,0.19,0.029,0.307,0.029
G,0.121,0.165,0.335,0.165,C,A,0.0,0.0,0.0,0.0
G,0.109,0.123,0.326,0.123,C,A,0.323,0.107,0.088,0.107
C,0.13,0.233,0.157,0.233,A,A,0.0,0.0,0.0,0.0
T,0.098,0.14,0.025,0.14,G,A,0.204,0.047,0.038,0.047
C,0.048,0.26,0.032,0.26,A,C,0.121,0.217,0.065,0.217
G,0.02,0.115,0.244,0.115,C,C,0.064,0.294,0.057,0.294
A,0.338,0.007,0.03,0.007,T,A,0.4,0.035,0.033,0.035
G,0.164,0.072,0.377,0.072,C,T,0.159,0.004,0.074,0.004
A,0.337,0.098,0.199,0.098,T,C,0.011,0.274,0.042,0.274
A,0.093,0.124,0.039,0.124,A,C,0.178,0.35,0.092,0.35
T,0.187,0.003,0.031,0.003,G,C,0.165,0.359,0.15,0.359
G,0.096,0.156,0.303,0.156,C,C,0.186,0.211,0.113,0.211
A,0.224,0.044,0.024,0.044,T,A,0.289,0.048,0.068,0.048
T,0.058,0.037,0.037,0.037,G,G,0.019,0.08,0.273,0.08
C,0.112,0.395,0.153,0.395,A,T,0.012,0.08,0.035,0.08
C,0.035,0.391,0.062,0.391,A,A,0.278,0.042,0.174,0.042
C,0.047,0.31,0.061,0.31,A,T,0.169,0.144,0.091,0.144
A,0.258,0.027,0.056,0.027,T,C,0.089,0.22,0.144,0.22
T,0.192,0.152,0.131,0.152,G,G,0.149,0.115,0.29,0.115
A,0.242,0.196,0.18,0.196,T,A,0.253,0.17,0.035,0.17
A,0.242,0.171,0.032,0.171,T,T,0.057,0.02,0.074,0.02
A,0.319,0.001,0.172,0.001,T,T,0.024,0.062,0.078,0.062
T,0.089,0.109,0.105,0.109,G,G,0.09,0.105,0.219,0.105
G,0.101,0.118,0.362,0.118,C,T,0.034,0.165,0.134,0.165
C,0.0,0.332,0.086,0.332,A,A,0.313,0.093,0.107,0.093
G,0.096,0.091,0.216,0.091,C,C,0.086,0.374,0.081,0.374
C,0.186,0.298,0.032,0.298,A,T,0.162,0.066,0.002,0.066
C,0.046,0.381,0.009,0.381,A,T,0.0,0.0,0.0,0.0
C,0.02,0.387,0.059,0.387,A,T,0.097,0.022,0.149,0.022
G,0.026,0.12,0.232,0.12,C,C,0.019,0.251,0.072,0.251
G,0.16,0.029,0.394,0.029,C,C,0.188,0.124,0.021,0.124
G,0.126,0.186,0.239,0.186,C,A,0.214,0.198,0.166,0.198
G,0.105,0.125,0.25,0.125,C,T,0.108,0.014,0.126,0.014
G,0.02,0.144,0.237,0.144,C,C,0.044,0.361,0.067,0.361
G,0.154,0.082,0.366,0.082,C,G,0.167,0.019,0.219,0.019
T,0.073,0.051,0.048,0.051,G,G,0.152,0.073,0.307,0.073
C,0.106,0.339,0.011,0.339,A,A,0.288,0.066,0.035,0.066
T,0.095,0.111,0.088,0.111,G,A,0.252,0.152,0.009,0.152
G,0.133,0.151,0.252,0.151,C,A,0.328,0.168,0.198,0.168
A,0.4,0.175,0.105,0.175,T,C,0.106,0.318,0.111,0.318
C,0.07,0.37,0.186,0.37,A,A,0.233,0.103,0.062,0.103
G,0.182,0.045,0.27,0.045,C,A,0.273,0.04,0.151,0.04
T,0.055,0.148,0.082,0.148,G,G,0.164,0.182,0.231,0.182
G,0.187,0.12,0.312,0.12,C,G,0.132,0.173,0.343,0.173
T,0.156,0.167,0.145,0.167,G,A,0.29,0.164,0.135,0.164
T,0.145,0.061,0.018,0.061,G,T,0.006,0.163,0.182,0.163
T,0.159,0.081,0.002,0.081,G,G,0.109,0.13,0.369,0.13
A,0.326,0.06,0.185,0.06,T,C,0.101,0.241,0.037,0.241
C,0.144,0.331,0.198,0.331,A,A,0.303,0.008,0.161,0.008
C,0.179,0.267,0.158,0.267,A,A,0.262,0.086,0.021,0.086
C,0.067,0.34,0.011,0.34,A,A,0.261,0.08,0.145,0.08
C,0.181,0.283,0.028,0.283,A,T,0.16,0.097,0.018,0.097
A,0.226,0.09,0.077,0.09,T,C,0.137,0.217,0.118,0.217
T,0.179,0.189,0.128,0.189,G,A,0.341,0.109,0.147,0.109
C,0.022,0.298,0.004,0.298,A,G,0.185,0.095,0.315,0.095
T,0.053,0.111,0.005,0.111,G,A,0.227,0.134,0.057,0.134
G,0.186,0.141,0.372,0.141,C,A,0.37,0.136,0.027,0.136
C,0.046,0.243,0.015,0.243,A,T,0.072,0.193,0.011,0.193
C,0.063,0.177,0.048,0.177,G,T,0.009,0.015,0.114,0.015
A,0.041,0.14,0.105,0.14,A,G,0.145,0.154,0.388,0.154
G,0.0,0.0,0.0,0.0,N,C,0.024,0.295,0.165,0.295
T,0.0,0.0,0.0,0.0,N,A,0.025,0.017,0.137,0.017
G,0.134,0.142,0.202,0.142,C,C,0.195,0.25,0.033,0.25
A,0.239,0.024,0.157,0.024,T,T,0.143,0.136,0.102,0.136
T,0.147,0.049,0.072,0.049,G,T,0.021,0.192,0.151,0.192
A,0.321,0.164,0.003,0.164,T,C,0.049,0.355,0.009,0.355
G,0.035,0.087,0.348,0.087,C,G,0.161,0.047,0.265,0.047
A,0.274,0.158,0.093,0.158,T,T,0.015,0.152,0.016,0.152
G,0.138,0.024,0.345,0.024,C,T,0.122,0.077,0.111,0.077
C,0.072,0.334,0.096,0.334,A,A,0.299,0.04,0.097,0.04
T,0.095,0.022,0.008,0.022,G,C,0.192,0.333,0.09,0.333
C,0.169,0.367,0.191,0.367,A,G,0.01,0.127,0.263,0.127
T,0.035,0.109,0.163,0.109,G,T,0.024,0.191,0.03,0.191
C,0.066,0.289,0.173,0.289,A,A,0.009,0.024,0.078,0.024
G,0.047,0.069,0.259,0.069,C,A,0.226,0.077,0.144,0.077
C,0.055,0.341,0.16,0.341,A,C,0.124,0.274,0.028,0.274
A,0.396,0.11,0.031,0.11,T,G,0.155,0.035,0.382,0.035
A,0.371,0.113,0.136,0.113,T,T,0.17,0.021,0.129,0.021
G,0.139,0.09,0.348,0.09,C,C,0.014,0.253,0.118,0.253
G,0.02,0.193,0.242,0.193,C,T,0.09,0.16,0.087,0.16
C,0.179,0.243,0.17,0.243,A,T,0.149,0.035,0.073,0.035
T,0.024,0.166,0.107,0.166,G,G,0.144,0.09,0.232,0.09
A,0.065,0.132,0.181,0.132,C,A,0.385,0.074,0.086,0.074
A,0.202,0.177,0.189,0.177,T,A,0.34,0.18,0.185,0.18
T,0.089,0.136,0.042,0.136,G,G,0.182,0.117,0.227,0.117
A,0.314,0.175,0.169,0.175,T,C,0.023,0.225,0.171,0.225
C,0.157,0.338,0.123,0.338,A,C,0.17,0.312,0.02,0.312
C,0.158,0.213,0.186,0.213,A,C,0.111,0.381,0.02,0.381
C,0.14,0.225,0.122,0.225,A,G,0.104,0.182,0.393,0.182
T,0.112,0.128,0.18,0.128,G,G,0.059,0.189,0.322,0.189
C,0.037,0.264,0.177,0.264,A,A,0.256,0.062,0.151,0.062
A,0.283,0.037,0.101,0.037,T,C,0.051,0.395,0.1,0.395
C,0.176,0.203,0.021,0.203,A,G,0.072,0.041,0.236,0.041
A,0.272,0.195,0.096,0.195,T,G,0.051,0.153,0.253,0.153
T,0.143,0.06,0.034,0.06,G,A,0.245,0.022,0.149,0.022
A,0.278,0.016,0.118,0.016,T,G,0.083,0.149,0.377,0.149
C,0.026,0.399,0.012,0.399,A,T,0.005,0.046,0.092,0.046
C,0.131,0.272,0.174,0.272,A,C,0.061,0.33,0.159,0.33
T,0.035,0.091,0.16,0.091,G,C,0.177,0.364,0.039,0.364
G,0.075,0.002,0.251,0.002,C,C,0.08,0.331,0.147,0.331
T,0.047,0.002,0.114,0.002,G,C,0.152,0.344,0.088,0.344
A,0.24,0.153,0.199,0.153,T,T,0.114,0.009,0.087,0.009
C,0.108,0.399,0.015,0.399,A,C,0.068,0.338,0.078,0.338
T,0.181,0.066,0.112,0.066,G,A,0.345,0.059,0.163,0.059
A,0.204,0.15,0.02,0.15,T,G,0.014,0.15,0.361,0.15
T,0.014,0.047,0.169,0.047,G,C,0.194,0.12,0.107,0.12
A,0.321,0.005,0.053,0.005,T,T,0.159,0.17,0.155,0.17
G,0.013,0.001,0.296,0.001,C,G,0.146,0.181,0.338,0.181
G,0.032,0.111,0.269,0.111,C,G,0.146,0.033,0.26,0.033
G,0.041,0.105,0.302,0.105,C,C,0.12,0.37,0.018,0.37
T,0.061,0.19,0.013,0.19,G,A,0.385,0.2,0.092,0.2
A,0.395,0.024,0.035,0.024,T,A,0.251,0.147,0.196,0.147
C,0.085,0.349,0.155,0.349,A,T,0.137,0.142,0.151,0.142
G,0.028,0.043,0.201,0.043,C,G,0.133,0.016,0.244,0.016
A,0.213,0.188,0.017,0.188,T,A,0.344,0.15,0.007,0.15
G,0.063,0.151,0.315,0.151,C,G,0.061,0.037,0.206,0.037
C,0.151,0.282,0.148,0.282,A,T,0.157,0.109,0.036,0.109
T,0.031,0.087,0.079,0.087,G,G,0.196,0.031,0.291,0.031
A,0.305,0.177,0.15,0.177,T,C,0.058,0.295,0.06,0.295
G,0.15,0.005,0.312,0.005,C,G,0.136,0.133,0.293,0.133
C,0.189,0.202,0.123,0.202,A,A,0.251,0.095,0.053,0.095
A,0.387,0.012,0.032,0.012,T,T,0.123,0.065,0.091,0.065
C,0.043,0.364,0.127,0.364,A,A,0.356,0.082,0.114,0.082
T,0.044,0.183,0.093,0.183,G,T,0.068,0.068,0.068,0.068
T,0.161,0.092,0.001,0.092,G,T,0.0,0.0,0.0,0.0
A,0.366,0.144,0.106,0.144,T,C,0.123,0.221,0.187,0.221
T,0.002,0.15,0.194,0.15,G,G,0.166,0.108,0.242,0.108
C,0.132,0.342,0.069,0.342,A,A,0.397,0.11,0.165,0.11
T,0.037,0.075,0.129,0.075,G,C,0.109,0.372,0.007,0.372
T,0.024,0.183,0.15,0.183,G,G,0.071,0.165,0.274,0.165
T,0.041,0.011,0.076,0.011,G,C,0.022,0.351,0.035,0.351
T,0.146,0.167,0.127,0.167,G,A,0.29,0.118,0.099,0.118
T,0.015,0.103,0.166,0.103,G,C,0.027,0.318,0.168,0.318
C,0.113,0.315,0.179,0.315,A,G,0.102,0.085,0.395,0.085
C,0.19,0.251,0.134,0.251,A,A,0.339,0.15,0.014,0.15
T,0.122,0.107,0.143,0.107,G,G,0.062,0.132,0.23,0.132
A,0.202,0.188,0.071,0.188,T,T,0.134,0.175,0.187,0.175
C,0.122,0.039,0.194,0.039,C,C,0.008,0.205,0.15,0.205
C,0.096,0.21,0.083,0.21,A,G,0.128,0.172,0.244,0.172
T,0.015,0.021,0.09,0.021,G,A,0.216,0.003,0.125,0.003
C,0.175,0.266,0.177,0.266,A,C,0.098,0.288,0.088,0.288
C,0.107,0.269,0.027,0.269,A,C,0.137,0.36,0.097,0.36
C,0.049,0.33,0.137,0.33,A,C,0.064,0.286,0.033,0.286
G,0.079,0.067,0.309,0.067,C,T,0.092,0.039,0.063,0.039
A,0.291,0.132,0.189,0.132,T,T,0.113,0.087,0.189,0.087
T,0.042,0.075,0.138,0.075,G,T,0.027,0.139,0.039,0.139
G,0.113,0.104,0.328,0.104,C,C,0.16,0.218,0.058,0.218
G,0.053,0.073,0.34,0.073,C,T,0.144,0.119,0.145,0.119
G,0.105,0.106,0.352,0.106,C,G,0.103,0.079,0.318,0.079
G,0.175,0.11,0.269,0.11,C,T,0.089,0.152,0.153,0.152
G,0.152,0.023,0.21,0.023,C,G,0.101,0.184,0.331,0.184
T,0.044,0.143,0.168,0.143,G,C,0.153,0.373,0.133,0.373
C,0.009,0.196,0.189,0.196,A,A,0.31,0.018,0.079,0.018
G,0.127,0.133,0.382,0.133,C,T,0.168,0.18,0.073,0.18
C,0.047,0.273,0.081,0.273,A,C,0.078,0.252,0.016,0.252
A,0.254,0.144,0.076,0.144,T,A,0.251,0.129,0.047,0.129
G,0.186,0.185,0.241,0.185,C,C,0.163,0.346,0.078,0.346
G,0.186,0.048,0.331,0.048,C,T,0.163,0.049,0.081,0.049
G,0.179,0.08,0.39,0.08,C,A,0.27,0.147,0.048,0.147
A,0.206,0.062,0.053,0.062,T,G,0.057,0.075,0.312,0.075
T,0.2,0.009,0.088,0.009,G,A,0.28,0.055,0.078,0.055
T,0.107,0.13,0.152,0.13,G,A,0.0,0.0,0.0,0.0
G,0.06,0.166,0.221,0.166,C,C,0.002,0.381,0.071,0.381
G,0.16,0.024,0.321,0.024,C,T,0.054,0.149,0.13,0.149
G,0.127,0.103,0.279,0.103,C,A,0.291,0.079,0.056,0.079
C,0.133,0.33,0.037,0.33,A,C,0.161,0.202,0.123,0.202
A,0.25,0.133,0.027,0.133,T,C,0.061,0.227,0.036,0.227
G,0.004,0.063,0.213,0.063,C,C,0.057,0.28,0.026,0.28
G,0.179,0.114,0.355,0.114,C,A,0.345,0.117,0.002,0.117
A,0.332,0.136,0.067,0.136,T,T,0.129,0.112,0.082,0.112
T,0.083,0.199,0.199,0.199,G,T,0.04,0.077,0.073,0.077
T,0.127,0.149,0.024,0.149,G,G,0.075,0.09,0.272,0.09
A,0.221,0.056,0.11,0.056,T,C,0.157,0.382,0.059,0.382
A,0.185,0.07,0.022,0.07,T,G,0.134,0.037,0.271,0.037
T,0.006,0.187,0.145,0.187,G,C,0.07,0.269,0.179,0.269
T,0.194,0.047,0.053,0.047,G,T,0.158,0.079,0.036,0.079
T,0.018,0.143,0.05,0.143,G,A,0.289,0.13,0.036,0.13
G,0.166,0.015,0.3,0.015,C,G,0.163,0.049,0.377,0.049
C,0.143,0.251,0.021,0.251,A,G,0.113,0.156,0.354,0.156
G,0.032,0.042,0.242,0.042,C,C,0.019,0.363,0.053,0.363
G,0.099,0.193,0.371,0.193,C,A,0.305,0.006,0.115,0.006
A,0.232,0.171,0.165,0.171,T,T,0.196,0.142,0.085,0.142
G,0.07,0.049,0.355,0.049,C,A,0.33,0.01,0.056,0.01
G,0.033,0.102,0.236,0.102,C,C,0.172,0.399,0.074,0.399
C,0.151,0.344,0.042,0.344,A,C,0.112,0.272,0.093,0.272
T,0.0,0.0,0.0,0.0,N,T,0.042,0.028,0.171,0.028
C,0.062,0.267,0.011,0.267,A,G,0.194,0.173,0.33,0.173
C,0.152,0.333,0.189,0.333,A,G,0.056,0.033,0.206,0.033
G,0.094,0.178,0.236,0.178,C,A,0.252,0.175,0.187,0.175
G,0.06,0.176,0.332,0.176,C,C,0.04,0.239,0.082,0.239
C,0.055,0.26,0.042,0.26,A,T,0.079,0.108,0.09,0.108
A,0.207,0.04,0.041,0.04,T,A,0.227,0.147,0.136,0.147
G,0.172,0.145,0.372,0.145,C,G,0.144,0.092,0.312,0.092
T,0.178,0.031,0.078,0.031,G,C,0.177,0.311,0.033,0.311
A,0.296,0.142,0.052,0.142,T,C,0.015,0.328,0.122,0.328
G,0.015,0.103,0.215,0.103,C,T,0.185,0.086,0.031,0.086
G,0.027,0.138,0.311,0.138,C,A,0.257,0.138,0.146,0.138
G,0.012,0.099,0.228,0.099,C,A,0.006,0.063,0.158,0.063
G,0.12,0.136,0.39,0.136,C,C,0.003,0.273,0.163,0.273
C,0.12,0.296,0.121,0.296,A,T,0.103,0.168,0.058,0.168
C,0.057,0.301,0.074,0.301,A,C,0.124,0.086,0.195,0.086
G,0.163,0.08,0.219,0.08,C,T,0.168,0.101,0.027,0.101
G,0.123,0.189,0.362,0.189,C,A,0.251,0.142,0.0,0.142
G,0.125,0.1,0.337,0.1,C,C,0.149,0.297,0.06,0.297
T,0.119,0.113,0.018,0.113,G,G,0.17,0.055,0.324,0.055
T,0.009,0.089,0.157,0.089,G,T,0.071,0.076,0.017,0.076
T,0.084,0.178,0.187,0.178,G,G,0.045,0.137,0.263,0.137
G,0.091,0.106,0.286,0.106,C,A,0.394,0.003,0.097,0.003
C,0.172,0.261,0.055,0.261,A,A,0.357,0.006,0.051,0.006
G,0.138,0.068,0.375,0.068,C,T,0.196,0.046,0.144,0.046
G,0.009,0.106,0.296,0.106,C,C,0.032,0.37,0.18,0.37
G,0.123,0.132,0.36,0.132,C,G,0.126,0.069,0.236,0.069
A,0.318,0.047,0.123,0.047,T,C,0.139,0.121,0.06,0.121
G,0.177,0.086,0.217,0.086,C,C,0.124,0.294,0.075,0.294
T,0.126,0.115,0.126,0.115,G,T,0.136,0.02,0.149,0.02
A,0.224,0.134,0.194,0.134,T,T,0.183,0.133,0.164,0.133
A,0.252,0.113,0.046,0.113,T,A,0.236,0.143,0.047,0.143
G,0.015,0.186,0.352,0.186,C,A,0.24,0.123,0.086,0.123
G,0.015,0.195,0.238,0.195,C,A,0.222,0.175,0.066,0.175
C,0.019,0.317,0.043,0.317,A,A,0.272,0.02,0.025,0.02
C,0.078,0.232,0.182,0.232,A,A,0.212,0.18,0.144,0.18
G,0.073,0.131,0.238,0.131,C,T,0.147,0.115,0.035,0.115
T,0.054,0.15,0.032,0.15,G,A,0.308,0.088,0.189,0.088
T,0.179,0.152,0.121,0.152,G,C,0.189,0.333,0.037,0.333
T,0.018,0.108,0.122,0.108,G,C,0.168,0.26,0.061,0.26
G,0.041,0.185,0.226,0.185,C,C,0.144,0.126,0.14,0.126
G,0.041,0.078,0.218,0.078,C,A,0.364,0.051,0.052,0.051
G,0.039,0.1,0.32,0.1,C,C,0.132,0.239,0.065,0.239
A,0.374,0.093,0.184,0.093,T,A,0.297,0.162,0.012,0.162
G,0.161,0.189,0.005,0.189,A,C,0.112,0.282,0.076,0.282
T,0.179,0.07,0.179,0.07,G,C,0.094,0.261,0.143,0.261
A,0.265,0.199,0.061,0.199,T,G,0.121,0.054,0.275,0.054
G,0.03,0.185,0.372,0.185,C,G,0.164,0.053,0.265,0.053
T,0.083,0.126,0.194,0.126,G,T,0.175,0.062,0.013,0.062
G,0.046,0.084,0.303,0.084,C,G,0.012,0.018,0.372,0.018
T,0.128,0.057,0.13,0.057,C,T,0.059,0.094,0.168,0.094
C,0.103,0.24,0.059,0.24,A,T,0.056,0.109,0.002,0.109
G,0.101,0.112,0.343,0.112,C,T,0.127,0.084,0.049,0.084
A,0.304,0.083,0.016,0.083,T,G,0.104,0.04,0.345,0.04
G,0.061,0.144,0.051,0.144,G,G,0.153,0.093,0.273,0.093
A,0.0,0.0,0.0,0.0,N,T,0.183,0.053,0.148,0.053
G,0.067,0.037,0.312,0.037,C,G,0.013,0.194,0.231,0.194
G,0.125,0.007,0.346,0.007,C,C,0.094,0.33,0.144,0.33
T,0.024,0.112,0.019,0.112,G,G,0.027,0.015,0.389,0.015
T,0.157,0.087,0.164,0.087,C,T,0.027,0.14,0.155,0.14
G,0.196,0.139,0.267,0.139,C,A,0.394,0.05,0.085,0.05
G,0.001,0.185,0.354,0.185,C,C,0.056,0.311,0.097,0.311
C,0.042,0.213,0.015,0.213,A,G,0.042,0.151,0.398,0.151
C,0.054,0.093,0.162,0.093,C,C,0.104,0.342,0.053,0.342
A,0.325,0.104,0.108,0.104,T,A,0.289,0.028,0.062,0.028
C,0.087,0.1,0.18,0.1,C,G,0.075,0.012,0.307,0.012
G,0.099,0.091,0.392,0.091,C,A,0.325,0.138,0.176,0.138
A,0.311,0.136,0.049,0.136,T,T,0.19,0.047,0.104,0.047
C,0.045,0.334,0.171,0.334,A,G,0.18,0.11,0.395,0.11
T,0.038,0.069,0.14,0.069,G,A,0.249,0.168,0.058,0.168
C,0.027,0.277,0.126,0.277,A,A,0.283,0.175,0.2,0.175
C,0.042,0.25,0.111,0.25,A,G,0.135,0.04,0.34,0.04
G,0.046,0.159,0.261,0.159,C,T,0.082,0.068,0.058,0.068
G,0.045,0.16,0.384,0.16,C,C,0.065,0.351,0.056,0.351
C,0.167,0.208,0.015,0.208,A,G,0.074,0.03,0.319,0.03
A,0.309,0.099,0.006,0.099,T,G,0.023,0.182,0.274,0.182
G,0.096,0.003,0.216,0.003,C,A,0.311,0.083,0.029,0.083
C,0.087,0.325,0.147,0.325,A,T,0.018,0.088,0.182,0.088
G,0.097,0.129,0.301,0.129,C,C,0.12,0.392,0.149,0.392
T,0.178,0.063,0.061,0.063,G,G,0.182,0.031,0.245,0.031
A,0.339,0.162,0.057,0.162,T,A,0.225,0.01,0.02,0.01
C,0.137,0.26,0.158,0.26,A,A,0.328,0.039,0.071,0.039
G,0.014,0.07,0.307,0.07,C,G,0.021,0.049,0.272,0.049
C,0.176,0.297,0.142,0.297,A,T,0.096,0.143,0.136,0.143
T,0.142,0.031,0.001,0.031,G,C,0.048,0.277,0.019,0.277
A,0.295,0.014,0.147,0.014,T,G,0.039,0.035,0.248,0.035
C,0.076,0.009,0.083,0.009,G,T,0.159,0.077,0.173,0.077
G,0.145,0.155,0.395,0.155,C,A,0.314,0.137,0.092,0.137
G,0.103,0.045,0.319,0.045,C,T,0.166,0.15,0.139,0.15
T,0.065,0.059,0.114,0.059,G,A,0.386,0.106,0.01,0.106
T,0.054,0.149,0.167,0.149,G,C,0.027,0.361,0.148,0.361
G,0.12,0.008,0.261,0.008,C,A,0.256,0.007,0.147,0.007
G,0.011,0.177,0.296,0.177,C,T,0.085,0.002,0.158,0.002
C,0.056,0.251,0.091,0.251,A,T,0.187,0.144,0.135,0.144
G,0.081,0.124,0.287,0.124,C,T,0.187,0.076,0.188,0.076
T,0.097,0.176,0.195,0.176,G,T,0.152,0.184,0.141,0.184
A,0.274,0.005,0.183,0.005,T,C,0.074,0.0,0.013,0.0
A,0.389,0.127,0.19,0.127,T,T,0.018,0.115,0.129,0.115
C,0.103,0.284,0.113,0.284,A,T,0.052,0.024,0.071,0.024
T,0.173,0.125,0.165,0.125,G,C,0.043,0.34,0.136,0.34
T,0.168,0.074,0.129,0.074,G,G,0.185,0.087,0.217,0.087
G,0.078,0.03,0.306,0.03,C,T,0.013,0.107,0.183,0.107
G,0.008,0.129,0.205,0.129,C,T,0.107,0.031,0.122,0.031
T,0.09,0.014,0.152,0.014,G,G,0.183,0.146,0.395,0.146
T,0.112,0.035,0.172,0.035,G,C,0.193,0.155,0.123,0.155
A,0.387,0.09,0.033,0.09,T,C,0.191,0.366,0.048,0.366
T,0.041,0.002,0.106,0.002,G,C,0.183,0.241,0.099,0.241
G,0.086,0.11,0.219,0.11,C,A,0.303,0.02,0.008,0.02
C,0.042,0.28,0.024,0.28,A,T,0.132,0.013,0.05,0.013
T,0.17,0.133,0.12,0.133,G,G,0.078,0.172,0.287,0.172
C,0.192,0.35,0.073,0.35,A,C,0.133,0.29,0.154,0.29
T,0.106,0.092,0.177,0.092,G,A,0.274,0.091,0.101,0.091
C,0.101,0.318,0.056,0.318,A,G,0.024,0.07,0.269,0.07
T,0.094,0.035,0.042,0.035,G,C,0.093,0.238,0.134,0.238
A,0.269,0.087,0.11,0.087,T,G,0.198,0.032,0.306,0.032
A,0.34,0.176,0.143,0.176,T,A,0.212,0.12,0.142,0.12
C,0.069,0.271,0.058,0.271,A,G,0.025,0.045,0.321,0.045
G,0.04,0.167,0.362,0.167,C,C,0.009,0.24,0.125,0.24
A,0.339,0.006,0.069,0.006,T,C,0.199,0.296,0.065,0.296
A,0.272,0.081,0.199,0.081,T,T,0.125,0.064,0.153,0.064
T,0.092,0.011,0.105,0.011,G,A,0.271,0.01,0.091,0.01
G,0.0,0.0,0.0,0.0,N,C,0.037,0.219,0.023,0.219
G,0.123,0.087,0.362,0.087,C,A,0.397,0.197,0.2,0.197
T,0.024,0.102,0.178,0.102,G,G,0.097,0.147,0.25,0.147
G,0.007,0.097,0.282,0.097,C,T,0.076,0.141,0.062,0.141
G,0.105,0.162,0.248,0.162,C,T,0.052,0.022,0.115,0.022
C,0.193,0.272,0.186,0.272,A,T,0.123,0.025,0.128,0.025
T,0.105,0.075,0.066,0.075,G,G,0.166,0.039,0.255,0.039
A,0.251,0.083,0.091,0.083,T,G,0.188,0.17,0.396,0.17
G,0.093,0.062,0.237,0.062,C,T,0.059,0.08,0.016,0.08
C,0.144,0.357,0.149,0.357,A,C,0.179,0.245,0.103,0.245
G,0.051,0.072,0.264,0.072,C,A,0.342,0.075,0.122,0.075
T,0.126,0.2,0.125,0.2,G,G,0.058,0.031,0.228,0.031
A,0.372,0.157,0.167,0.157,T,T,0.16,0.184,0.199,0.184
G,0.081,0.172,0.259,0.172,C,A,0.217,0.037,0.13,0.037
A,0.332,0.097,0.11,0.097,T,C,0.024,0.327,0.042,0.327
G,0.037,0.063,0.293,0.063,C,A,0.054,0.068,0.067,0.068
T,0.017,0.071,0.164,0.071,G,A,0.252,0.152,0.124,0.152
G,0.035,0.013,0.235,0.013,C,T,0.103,0.018,0.06,0.018
A,0.3,0.099,0.046,0.099,T,T,0.024,0.142,0.016,0.142
A,0.245,0.055,0.083,0.055,T,G,0.156,0.171,0.296,0.171
A,0.309,0.141,0.187,0.141,T,T,0.074,0.045,0.096,0.045
T,0.08,0.149,0.022,0.149,G,C,0.052,0.315,0.051,0.315
A,0.303,0.152,0.124,0.152,T,A,0.268,0.045,0.084,0.045
C,0.173,0.274,0.056,0.274,A,C,0.065,0.379,0.102,0.379
C,0.176,0.244,0.157,0.244,A,C,0.027,0.246,0.163,0.246
A,0.368,0.111,0.008,0.111,T,G,0.134,0.025,0.289,0.025
C,0.17,0.235,0.042,0.235,A,A,0.304,0.063,0.017,0.063
G,0.138,0.04,0.385,0.04,C,T,0.017,0.054,0.02,0.054
T,0.146,0.054,0.199,0.054,G,A,0.371,0.017,0.142,0.017
G,0.15,0.059,0.223,0.059,C,A,0.223,0.079,0.128,0.079
G,0.103,0.165,0.381,0.165,C,C,0.129,0.387,0.052,0.387
A,0.272,0.176,0.037,0.176,T,G,0.038,0.152,0.343,0.152
T,0.051,0.164,0.114,0.164,G,G,0.138,0.153,0.382,0.153
T,0.005,0.152,0.035,0.152,G,A,0.247,0.194,0.146,0.194
A,0.0,0.0,0.0,0.0,N,G,0.199,0.007,0.326,0.007
G,0.174,0.034,0.389,0.034,C,C,0.067,0.273,0.131,0.273
T,0.159,0.025,0.184,0.025,G,A,0.248,0.131,0.178,0.131
C,0.072,0.363,0.192,0.363,A,G,0.008,0.077,0.273,0.077
A,0.334,0.141,0.005,0.141,T,G,0.079,0.048,0.305,0.048
T,0.042,0.102,0.048,0.102,G,C,0.112,0.202,0.191,0.202
G,0.119,0.181,0.387,0.181,C,T,0.088,0.006,0.148,0.006
T,0.038,0.113,0.094,0.113,G,G,0.07,0.098,0.315,0.098
G,0.04,0.196,0.334,0.196,C,T,0.143,0.065,0.113,0.065
A,0.364,0.156,0.115,0.156,T,T,0.164,0.051,0.027,0.051
C,0.054,0.259,0.109,0.259,A,T,0.178,0.0,0.139,0.0
A,0.289,0.153,0.186,0.153,T,G,0.077,0.044,0.206,0.044
C,0.076,0.395,0.094,0.395,A,A,0.246,0.141,0.194,0.141
T,0.008,0.175,0.031,0.175,G,A,0.399,0.135,0.027,0.135
A,0.301,0.002,0.061,0.002,T,C,0.082,0.242,0.139,0.242
G,0.086,0.161,0.237,0.161,C,T,0.112,0.098,0.114,0.098
C,0.151,0.131,0.097,0.131,T,C,0.051,0.38,0.071,0.38
A,0.385,0.111,0.189,0.111,T,G,0.129,0.031,0.266,0.031
A,0.209,0.154,0.079,0.154,T,A,0.351,0.056,0.079,0.056
C,0.188,0.261,0.186,0.261,A,G,0.123,0.082,0.338,0.082
C,0.105,0.236,0.086,0.236,A,C,0.055,0.033,0.191,0.033
A,0.308,0.107,0.04,0.107,T,A,0.351,0.002,0.07,0.002
G,0.121,0.178,0.267,0.178,C,G,0.091,0.193,0.265,0.193
C,0.054,0.234,0.142,0.234,A,T,0.168,0.072,0.175,0.072
G,0.041,0.13,0.376,0.13,C,C,0.035,0.2,0.091,0.2
T,0.054,0.111,0.119,0.111,G,A,0.332,0.042,0.056,0.042
C,0.105,0.252,0.172,0.252,A,A,0.264,0.028,0.176,0.028
C,0.071,0.11,0.153,0.11,C,C,0.175,0.377,0.091,0.377
T,0.175,0.14,0.192,0.14,G,G,0.175,0.049,0.207,0.049
G,0.175,0.114,0.366,0.114,C,C,0.089,0.319,0.005,0.319
T,0.139,0.161,0.046,0.161,G,G,0.164,0.165,0.39,0.165
A,0.224,0.179,0.02,0.179,T,C,0.101,0.284,0.05,0.284
A,0.356,0.025,0.048,0.025,T,A,0.311,0.154,0.155,0.154
C,0.002,0.205,0.164,0.205,A,A,0.283,0.19,0.12,0.19
G,0.029,0.026,0.359,0.026,C,T,0.143,0.043,0.092,0.043
C,0.17,0.259,0.034,0.259,A,A,0.221,0.197,0.06,0.197
T,0.129,0.125,0.174,0.125,G,A,0.331,0.061,0.111,0.061
A,0.342,0.16,0.076,0.16,T,C,0.159,0.33,0.109,0.33
A,0.33,0.193,0.165,0.193,T,C,0.04,0.357,0.023,0.357
A,0.287,0.198,0.122,0.198,T,C,0.13,0.314,0.069,0.314
T,0.079,0.023,0.141,0.023,C,T,0.146,0.15,0.187,0.15
A,0.335,0.189,0.008,0.189,T,C,0.164,0.39,0.171,0.39
A,0.244,0.036,0.113,0.036,T,A,0.388,0.028,0.117,0.028
C,0.01,0.221,0.063,0.221,A,C,0.055,0.371,0.151,0.371
T,0.048,0.132,0.176,0.132,G,A,0.37,0.027,0.182,0.027
G,0.13,0.045,0.216,0.045,C,T,0.001,0.007,0.141,0.007
C,0.016,0.304,0.119,0.304,A,A,0.387,0.086,0.171,0.086
G,0.045,0.104,0.285,0.104,C,G,0.038,0.057,0.34,0.057
G,0.044,0.072,0.376,0.072,C,A,0.291,0.192,0.196,0.192
A,0.248,0.096,0.091,0.096,T,T,0.094,0.117,0.184,0.117
G,0.083,0.02,0.323,0.02,C,T,0.049,0.05,0.091,0.05
T,0.144,0.155,0.133,0.155,G,T,0.176,0.165,0.129,0.165
T,0.133,0.067,0.01,0.067,G,A,0.308,0.159,0.163,0.159
A,0.372,0.077,0.098,0.077,T,A,0.302,0.183,0.086,0.183
A,0.212,0.173,0.2,0.173,T,T,0.009,0.061,0.152,0.061
A,0.251,0.088,0.11,0.088,T,A,0.351,0.013,0.095,0.013
G,0.149,0.074,0.241,0.074,C,C,0.163,0.323,0.102,0.323
C,0.037,0.331,0.021,0.331,A,T,0.054,0.127,0.086,0.127
G,0.004,0.075,0.253,0.075,C,C,0.171,0.264,0.079,0.264
A,0.288,0.19,0.019,0.19,T,T,0.167,0.089,0.086,0.089
T,0.145,0.189,0.065,0.189,G,G,0.084,0.025,0.291,0.025
G,0.101,0.073,0.327,0.073,C,T,0.127,0.1,0.013,0.1
C,0.189,0.378,0.156,0.378,A,G,0.047,0.186,0.298,0.186
A,0.386,0.194,0.151,0.194,T,C,0.004,0.272,0.162,0.272
A,0.304,0.181,0.009,0.181,T,C,0.067,0.239,0.047,0.239
C,0.033,0.246,0.046,0.246,A,A,0.249,0.128,0.059,0.128
T,0.2,0.099,0.158,0.099,T,T,0.0,0.0,0.0,0.0
G,0.176,0.103,0.393,0.103,C,G,0.034,0.193,0.277,0.193
C,0.137,0.368,0.008,0.368,A,T,0.049,0.147,0.162,0.147
T,0.106,0.005,0.068,0.005,G,G,0.087,0.064,0.353,0.064
A,0.292,0.078,0.127,0.078,T,C,0.138,0.275,0.163,0.275
C,0.014,0.276,0.057,0.276,A,C,0.065,0.065,0.058,0.065
G,0.04,0.192,0.297,0.192,C,A,0.253,0.099,0.097,0.099
T,0.182,0.173,0.088,0.173,G,C,0.076,0.333,0.008,0.333
C,0.194,0.291,0.033,0.291,A,G,0.101,0.075,0.23,0.075
G,0.126,0.002,0.306,0.002,C,C,0.023,0.278,0.124,0.278
C,0.082,0.303,0.107,0.303,A,C,0.0,0.0,0.0,0.0
T,0.001,0.045,0.03,0.045,G,A,0.253,0.183,0.164,0.183
G,0.131,0.188,0.337,0.188,C,T,0.166,0.108,0.14,0.108
T,0.016,0.138,0.191,0.138,C,T,0.041,0.017,0.036,0.017
T,0.141,0.07,0.147,0.07,G,T,0.056,0.043,0.054,0.043
T,0.14,0.183,0.007,0.183,G,G,0.172,0.181,0.376,0.181
G,0.092,0.08,0.349,0.08,C,T,0.035,0.027,0.111,0.027
G,0.0,0.0,0.0,0.0,N,T,0.066,0.158,0.136,0.158
A,0.249,0.116,0.007,0.116,T,C,0.121,0.3,0.034,0.3
G,0.077,0.085,0.259,0.085,C,C,0.135,0.39,0.046,0.39
C,0.072,0.277,0.067,0.277,A,A,0.347,0.181,0.027,0.181
A,0.201,0.056,0.075,0.056,T,C,0.199,0.292,0.105,0.292
G,0.082,0.038,0.261,0.038,C,G,0.154,0.099,0.143,0.099
T,0.067,0.021,0.18,0.021,G,A,0.339,0.19,0.064,0.19
C,0.08,0.285,0.183,0.285,A,A,0.345,0.149,0.01,0.149
A,0.388,0.117,0.043,0.117,T,G,0.168,0.151,0.367,0.151
T,0.045,0.076,0.126,0.076,G,T,0.171,0.055,0.001,0.055
C,0.0,0.0,0.0,0.0,N,T,0.089,0.178,0.076,0.178
A,0.339,0.188,0.04,0.188,T,C,0.024,0.286,0.111,0.286
G,0.159,0.172,0.297,0.172,C,C,0.131,0.012,0.2,0.012
G,0.198,0.171,0.201,0.171,C,A,0.222,0.0,0.132,0.0
A,0.213,0.141,0.111,0.141,T,G,0.139,0.092,0.205,0.092
T,0.122,0.09,0.097,0.09,G,T,0.024,0.069,0.111,0.069
T,0.008,0.138,0.071,0.138,G,C,0.185,0.376,0.015,0.376
T,0.066,0.134,0.157,0.134,G,T,0.117,0.19,0.182,0.19
T,0.008,0.165,0.165,0.165,G,A,0.282,0.113,0.089,0.113
C,0.171,0.027,0.194,0.027,C,T,0.171,0.139,0.112,0.139
T,0.0,0.0,0.0,0.0,N,T,0.182,0.13,0.037,0.13
T,0.156,0.008,0.024,0.008,G,C,0.164,0.368,0.026,0.368
A,0.275,0.136,0.021,0.136,T,T,0.03,0.088,0.037,0.088
C,0.111,0.297,0.023,0.297,A,T,0.179,0.126,0.009,0.126
C,0.145,0.361,0.085,0.361,A,C,0.143,0.366,0.092,0.366
T,0.126,0.194,0.046,0.194,G,C,0.01,0.384,0.118,0.384
T,0.179,0.194,0.055,0.194,G,T,0.009,0.199,0.138,0.199
G,0.141,0.168,0.325,0.168,C,G,0.069,0.06,0.269,0.06
G,0.0,0.0,0.0,0.0,N,T,0.113,0.071,0.054,0.071
A,0.304,0.081,0.158,0.081,T,G,0.022,0.088,0.21,0.088
G,0.032,0.025,0.142,0.025,C,A,0.328,0.084,0.177,0.084
G,0.136,0.126,0.181,0.126,G,A,0.265,0.112,0.015,0.112
C,0.16,0.287,0.025,0.287,A,T,0.181,0.139,0.032,0.139
A,0.256,0.054,0.01,0.054,T,A,0.332,0.16,0.09,0.16
T,0.154,0.032,0.093,0.032,G,T,0.087,0.14,0.159,0.14
C,0.092,0.051,0.014,0.051,G,C,0.017,0.241,0.07,0.241
G,0.197,0.062,0.329,0.062,C,A,0.093,0.093,0.001,0.093
A,0.359,0.072,0.191,0.072,T,C,0.081,0.255,0.057,0.255
C,0.052,0.331,0.19,0.331,A,A,0.224,0.185,0.19,0.185
A,0.276,0.091,0.138,0.091,T,A,0.395,0.041,0.167,0.041
C,0.106,0.279,0.113,0.279,A,C,0.042,0.139,0.181,0.139
G,0.123,0.184,0.215,0.184,C,T,0.012,0.111,0.18,0.111
A,0.292,0.111,0.131,0.111,T,T,0.068,0.105,0.154,0.105
T,0.0,0.074,0.093,0.074,G,C,0.098,0.229,0.069,0.229
T,0.179,0.188,0.056,0.188,G,C,0.022,0.28,0.028,0.28
A,0.366,0.18,0.073,0.18,T,C,0.126,0.274,0.133,0.274
C,0.03,0.073,0.167,0.073,G,C,0.169,0.303,0.098,0.303
A,0.247,0.018,0.003,0.018,T,G,0.022,0.169,0.384,0.169
A,0.243,0.193,0.084,0.193,T,C,0.15,0.25,0.008,0.25
C,0.028,0.257,0.1,0.257,A,T,0.085,0.189,0.015,0.189
G,0.006,0.043,0.31,0.043,C,G,0.035,0.144,0.322,0.144
A,0.368,0.127,0.065,0.127,T,A,0.306,0.012,0.168,0.012
G,0.103,0.086,0.302,0.086,C,T,0.157,0.178,0.097,0.178
C,0.098,0.252,0.078,0.252,A,G,0.0,0.0,0.0,0.0
G,0.093,0.095,0.274,0.095,C,T,0.014,0.005,0.168,0.005
A,0.29,0.092,0.08,0.092,T,C,0.0,0.0,0.0,0.0
A,0.212,0.01,0.043,0.01,T,A,0.232,0.183,0.014,0.183
T,0.164,0.01,0.176,0.01,G,T,0.174,0.028,0.139,0.028
C,0.093,0.341,0.106,0.341,A,C,0.081,0.351,0.126,0.351
G,0.041,0.047,0.352,0.047,C,C,0.05,0.291,0.135,0.291
C,0.027,0.284,0.148,0.284,A,C,0.183,0.374,0.056,0.374
A,0.299,0.127,0.004,0.127,T,G,0.134,0.057,0.38,0.057
A,0.364,0.197,0.122,0.197,T,C,0.132,0.292,0.127,0.292
T,0.026,0.07,0.048,0.07,G,G,0.03,0.053,0.253,0.053
T,0.049,0.037,0.07,0.037,G,A,0.324,0.099,0.164,0.099
A,0.384,0.162,0.046,0.162,T,G,0.043,0.013,0.372,0.013
G,0.107,0.041,0.343,0.041,C,T,0.013,0.051,0.091,0.051
T,0.141,0.059,0.024,0.059,G,G,0.111,0.046,0.261,0.046
G,0.137,0.022,0.361,0.022,C,G,0.043,0.168,0.257,0.168
G,0.112,0.043,0.398,0.043,C,A,0.299,0.007,0.163,0.007
A,0.286,0.186,0.194,0.186,T,G,0.136,0.087,0.368,0.087
A,0.386,0.113,0.154,0.113,T,G,0.059,0.145,0.398,0.145
C,0.006,0.261,0.115,0.261,A,T,0.183,0.085,0.061,0.085
C,0.157,0.322,0.15,0.322,A,G,0.132,0.052,0.225,0.052
C,0.031,0.305,0.033,0.305,A,G,0.155,0.121,0.36,0.121
A,0.094,0.078,0.048,0.078,T,G,0.0,0.113,0.217,0.113
G,0.172,0.017,0.399,0.017,C,A,0.381,0.196,0.197,0.196
T,0.019,0.046,0.13,0.046,G,C,0.057,0.227,0.14,0.227
A,0.207,0.011,0.146,0.011,T,G,0.015,0.132,0.241,0.132
T,0.113,0.162,0.02,0.162,G,C,0.103,0.284,0.123,0.284
G,0.089,0.186,0.202,0.186,C,C,0.18,0.164,0.123,0.164
C,0.089,0.242,0.1,0.242,A,A,0.279,0.128,0.144,0.128
C,0.149,0.208,0.116,0.208,A,A,0.236,0.136,0.025,0.136
G,0.041,0.058,0.209,0.058,C,A,0.375,0.021,0.135,0.021
T,0.089,0.118,0.176,0.118,G,A,0.396,0.072,0.08,0.072
T,0.133,0.08,0.171,0.08,C,T,0.191,0.182,0.124,0.182
G,0.088,0.045,0.283,0.045,C,G,0.019,0.015,0.278,0.015
T,0.148,0.19,0.003,0.19,G,A,0.318,0.186,0.073,0.186
T,0.162,0.182,0.087,0.182,G,G,0.039,0.065,0.33,0.065
A,0.353,0.065,0.134,0.065,T,T,0.108,0.088,0.189,0.088
T,0.068,0.133,0.069,0.133,G,G,0.023,0.057,0.266,0.057
C,0.026,0.209,0.042,0.209,A,A,0.339,0.147,0.139,0.147
A,0.289,0.005,0.166,0.005,T,T,0.171,0.073,0.096,0.073
G,0.158,0.094,0.352,0.094,C,C,0.075,0.359,0.109,0.359
G,0.171,0.165,0.21,0.165,C,T,0.127,0.035,0.045,0.035
T,0.084,0.187,0.146,0.187,G,A,0.299,0.169,0.125,0.169
A,0.337,0.08,0.018,0.08,T,T,0.122,0.142,0.126,0.142
A,0.239,0.148,0.154,0.148,T,G,0.109,0.013,0.202,0.013
A,0.327,0.123,0.127,0.123,T,A,0.282,0.118,0.12,0.118
C,0.135,0.343,0.012,0.343,A,G,0.013,0.163,0.302,0.163
A,0.208,0.084,0.023,0.084,T,A,0.341,0.145,0.106,0.145
C,0.0,0.0,0.0,0.0,N,T,0.161,0.015,0.18,0.015
T,0.098,0.154,0.105,0.154,G,T,0.004,0.04,0.033,0.04
A,0.208,0.103,0.123,0.103,T,T,0.044,0.132,0.185,0.132
C,0.015,0.358,0.041,0.358,A,G,0.149,0.113,0.204,0.113
T,0.028,0.069,0.045,0.069,G,C,0.132,0.254,0.102,0.254
G,0.037,0.16,0.297,0.16,C,T,0.113,0.178,0.096,0.178
C,0.179,0.261,0.124,0.261,A,A,0.386,0.143,0.132,0.143
A,0.222,0.002,0.118,0.002,T,C,0.007,0.363,0.11,0.363
T,0.174,0.181,0.096,0.181,G,C,0.131,0.314,0.067,0.314
C,0.197,0.316,0.161,0.316,A,A,0.376,0.169,0.194,0.169
A,0.396,0.008,0.104,0.008,T,C,0.132,0.362,0.196,0.362
G,0.115,0.183,0.24,0.183,C,T,0.052,0.05,0.11,0.05
T,0.147,0.196,0.058,0.196,G,G,0.167,0.047,0.301,0.047
G,0.02,0.106,0.272,0.106,C,T,0.098,0.107,0.045,0.107
A,0.363,0.053,0.064,0.053,T,G,0.119,0.03,0.253,0.03
G,0.142,0.094,0.394,0.094,C,C,0.153,0.277,0.143,0.277
A,0.276,0.051,0.02,0.051,T,C,0.185,0.301,0.117,0.301
C,0.114,0.246,0.186,0.246,A,G,0.135,0.011,0.381,0.011
T,0.125,0.09,0.141,0.09,G,T,0.183,0.051,0.126,0.051
A,0.278,0.136,0.065,0.136,T,A,0.342,0.049,0.071,0.049
G,0.079,0.035,0.324,0.035,C,T,0.102,0.169,0.048,0.169
G,0.131,0.047,0.228,0.047,C,G,0.111,0.078,0.27,0.078
A,0.392,0.042,0.142,0.042,T,A,0.271,0.181,0.11,0.181
A,0.274,0.177,0.16,0.177,T,G,0.115,0.023,0.317,0.023
G,0.059,0.081,0.302,0.081,C,T,0.087,0.131,0.078,0.131
G,0.008,0.174,0.315,0.174,C,G,0.096,0.017,0.341,0.017
T,0.086,0.05,0.139,0.05,G,C,0.058,0.305,0.187,0.305
A,0.208,0.08,0.054,0.08,T,C,0.11,0.23,0.198,0.23
T,0.068,0.004,0.159,0.004,G,C,0.159,0.321,0.18,0.321
C,0.042,0.36,0.079,0.36,A,C,0.03,0.358,0.027,0.358
C,0.039,0.349,0.04,0.349,A,C,0.059,0.376,0.08,0.376
G,0.079,0.136,0.201,0.136,C,A,0.363,0.111,0.038,0.111
G,0.051,0.194,0.315,0.194,C,A,0.364,0.127,0.05,0.127
A,0.28,0.147,0.188,0.147,T,A,0.352,0.097,0.109,0.097
G,0.092,0.143,0.242,0.143,C,C,0.078,0.293,0.012,0.293
C,0.162,0.4,0.189,0.4,A,G,0.122,0.031,0.26,0.031
T,0.172,0.035,0.118,0.035,G,G,0.182,0.151,0.337,0.151
A,0.266,0.195,0.026,0.195,T,C,0.178,0.366,0.179,0.366
A,0.201,0.084,0.19,0.084,T,T,0.003,0.143,0.058,0.143
C,0.117,0.203,0.136,0.203,A,G,0.046,0.055,0.225,0.055
C,0.184,0.32,0.158,0.32,A,C,0.096,0.347,0.145,0.347
G,0.119,0.102,0.392,0.102,C,A,0.288,0.077,0.162,0.077
G,0.021,0.09,0.322,0.09,C,G,0.163,0.122,0.358,0.122
T,0.057,0.042,0.061,0.042,G,G,0.0,0.0,0.0,0.0
A,0.398,0.191,0.08,0.191,T,G,0.163,0.068,0.311,0.068
A,0.294,0.174,0.187,0.174,T,C,0.158,0.258,0.084,0.258
C,0.015,0.272,0.14,0.272,A,T,0.05,0.152,0.2,0.152
T,0.131,0.025,0.058,0.025,G,A,0.281,0.187,0.128,0.187
C,0.0,0.0,0.0,0.0,N,T,0.102,0.167,0.1,0.167
A,0.341,0.077,0.103,0.077,T,A,0.202,0.069,0.075,0.069
G,0.056,0.165,0.307,0.165,C,T,0.122,0.136,0.071,0.136
A,0.225,0.199,0.124,0.199,T,G,0.175,0.046,0.375,0.046
A,0.208,0.176,0.181,0.176,T,T,0.1,0.015,0.16,0.015
A,0.278,0.158,0.1,0.158,T,G,0.079,0.061,0.328,0.061
G,0.005,0.049,0.253,0.049,C,T,0.125,0.086,0.16,0.086
A,0.049,0.171,0.157,0.171,A,T,0.128,0.129,0.199,0.129
T,0.084,0.113,0.073,0.113,G,C,0.139,0.397,0.114,0.397
G,0.15,0.074,0.048,0.074,T,G,0.115,0.142,0.301,0.142
G,0.198,0.128,0.323,0.128,C,T,0.049,0.03,0.061,0.03
G,0.198,0.099,0.351,0.099,C,A,0.367,0.04,0.168,0.04
A,0.344,0.139,0.162,0.139,T,G,0.15,0.007,0.319,0.007
G,0.032,0.108,0.311,0.108,C,T,0.173,0.174,0.118,0.174
G,0.022,0.008,0.35,0.008,C,T,0.171,0.063,0.199,0.063
A,0.283,0.133,0.195,0.133,T,G,0.099,0.025,0.263,0.025
A,0.265,0.022,0.148,0.022,T,T,0.162,0.152,0.04,0.152
T,0.04,0.145,0.14,0.145,G,G,0.137,0.169,0.369,0.169
G,0.09,0.056,0.219,0.056,C,T,0.058,0.011,0.155,0.011
T,0.14,0.169,0.066,0.169,G,G,0.111,0.133,0.291,0.133
A,0.263,0.058,0.084,0.058,T,G,0.039,0.137,0.376,0.137
T,0.135,0.02,0.072,0.02,G,G,0.014,0.056,0.259,0.056
C,0.089,0.263,0.043,0.263,A,G,0.046,0.172,0.233,0.172
C,0.092,0.294,0.162,0.294,A,A,0.376,0.034,0.131,0.034
C,0.188,0.365,0.129,0.365,A,C,0.186,0.374,0.07,0.374
T,0.0,0.0,0.0,0.0,N,A,0.305,0.023,0.183,0.023
T,0.11,0.088,0.05,0.088,G,C,0.054,0.361,0.061,0.361
T,0.094,0.026,0.03,0.026,G,T,0.035,0.196,0.091,0.196
T,0.16,0.199,0.14,0.199,G,A,0.38,0.018,0.175,0.018
C,0.024,0.309,0.008,0.309,A,A,0.244,0.095,0.089,0.095
A,0.23,0.177,0.152,0.177,T,G,0.013,0.108,0.319,0.108
G,0.174,0.166,0.338,0.166,C,G,0.154,0.176,0.324,0.176
A,0.386,0.2,0.032,0.2,T,T,0.031,0.024,0.012,0.024
A,0.322,0.109,0.091,0.109,T,C,0.065,0.319,0.117,0.319
G,0.167,0.023,0.282,0.023,C,G,0.13,0.199,0.359,0.199
A,0.327,0.054,0.192,0.054,T,C,0.002,0.321,0.19,0.321
T,0.15,0.029,0.194,0.029,G,T,0.089,0.038,0.082,0.038
G,0.171,0.055,0.281,0.055,C,T,0.021,0.194,0.199,0.194
T,0.146,0.076,0.188,0.076,G,C,0.158,0.322,0.194,0.322
A,0.27,0.153,0.165,0.153,T,G,0.01,0.073,0.2,0.073
A,0.113,0.129,0.128,0.129,A,G,0.168,0.146,0.271,0.146
C,0.0,0.331,0.062,0.331,A,G,0.014,0.191,0.215,0.191
A,0.27,0.003,0.179,0.003,T,C,0.103,0.238,0.181,0.238
T,0.178,0.147,0.108,0.147,G,G,0.093,0.02,0.395,0.02
A,0.278,0.004,0.117,0.004,T,G,0.087,0.187,0.251,0.187
A,0.304,0.109,0.058,0.109,T,C,0.092,0.226,0.141,0.226
A,0.324,0.054,0.07,0.054,T,T,0.048,0.083,0.13,0.083
G,0.037,0.144,0.38,0.144,C,C,0.057,0.239,0.045,0.239
G,0.006,0.025,0.343,0.025,C,A,0.208,0.006,0.134,0.006
T,0.15,0.004,0.051,0.004,G,A,0.247,0.151,0.141,0.151
G,0.154,0.02,0.354,0.02,C,A,0.269,0.034,0.185,0.034
A,0.237,0.02,0.057,0.02,T,T,0.173,0.128,0.001,0.128
T,0.164,0.022,0.083,0.022,G,A,0.294,0.006,0.179,0.006
T,0.045,0.062,0.034,0.062,G,C,0.04,0.303,0.196,0.303
C,0.042,0.333,0.052,0.333,A,C,0.069,0.398,0.14,0.398
C,0.141,0.369,0.124,0.369,A,C,0.001,0.314,0.18,0.314
T,0.082,0.032,0.178,0.032,G,G,0.004,0.128,0.214,0.128
A,0.343,0.041,0.045,0.041,T,T,0.133,0.046,0.136,0.046
G,0.142,0.035,0.363,0.035,C,T,0.114,0.042,0.085,0.042
G,0.047,0.026,0.281,0.026,C,A,0.31,0.09,0.061,0.09
T,0.108,0.11,0.174,0.11,G,A,0.253,0.035,0.005,0.035
A,0.339,0.123,0.156,0.123,T,G,0.147,0.053,0.227,0.053
G,0.082,0.093,0.331,0.093,C,T,0.144,0.152,0.041,0.152
A,0.288,0.136,0.131,0.136,T,A,0.235,0.131,0.068,0.131
T,0.064,0.071,0.027,0.071,G,C,0.076,0.142,0.122,0.142
G,0.086,0.167,0.357,0.167,C,A,0.264,0.128,0.068,0.128
G,0.021,0.196,0.182,0.196,A,T,0.052,0.015,0.021,0.015
A,0.277,0.133,0.169,0.133,T,T,0.072,0.198,0.179,0.198
G,0.185,0.189,0.284,0.189,C,T,0.036,0.013,0.033,0.013
C,0.087,0.332,0.085,0.332,A,T,0.2,0.001,0.107,0.001
C,0.063,0.395,0.147,0.395,A,A,0.259,0.127,0.16,0.127
C,0.137,0.254,0.071,0.254,A,A,0.299,0.136,0.191,0.136
A,0.249,0.021,0.158,0.021,T,G,0.045,0.161,0.311,0.161
C,0.18,0.203,0.134,0.203,A,T,0.006,0.034,0.112,0.034
G,0.087,0.076,0.201,0.076,C,G,0.011,0.077,0.215,0.077
T,0.121,0.101,0.0,0.101,G,C,0.148,0.371,0.055,0.371
A,0.373,0.163,0.158,0.163,T,C,0.04,0.268,0.081,0.268
A,0.196,0.156,0.133,0.156,T,A,0.324,0.059,0.043,0.059
C,0.189,0.201,0.081,0.201,A,C,0.072,0.279,0.055,0.279
G,0.0,0.0,0.0,0.0,N,G,0.104,0.079,0.239,0.079
C,0.025,0.398,0.186,0.398,A,C,0.03,0.212,0.128,0.212
A,0.35,0.086,0.089,0.086,T,G,0.165,0.035,0.33,0.035
G,0.079,0.168,0.297,0.168,C,A,0.235,0.09,0.135,0.09
A,0.358,0.144,0.191,0.144,T,A,0.231,0.109,0.04,0.109
