A_1,C_1,G_1,T_1,call_1
0.122,0.428,0.039,0.127,C
0.155,0.138,0.102,0.68,T
0.071,0.053,0.186,0.587,T
0.101,0.33,0.021,0.088,C
0.363,0.189,0.114,0.004,A
0.005,0.099,0.506,0.11,G
0.089,0.159,0.184,0.516,T
0,0.592,0.162,0.045,C
0.463,0.199,0.105,0.023,A
0.141,0.06,0.692,0.115,G
0.145,0.173,0.441,0.02,G
0.158,0.19,0.681,0.167,G
0.064,0.062,0.47,0.099,G
0.066,0.48,0.156,0.037,C
0.188,0.103,0.378,0.166,G
0.071,0.06,0.317,0.036,G
0.354,0.128,0.074,0.116,A
0.174,0.343,0.166,0.133,C
0.687,0.186,0.009,0.013,A
0.685,0.168,0.09,0.132,A
0.189,0.122,0.353,0.096,G
0.57,0.039,0.113,0.119,A
0.086,0.154,0.596,0.15,G
0.321,0.003,0.143,0.123,A
0.621,0.074,0.135,0.042,A
0.113,0.197,0.431,0.014,G
0.048,0.096,0.469,0.079,G
0.682,0.19,0.132,0.065,A
0.071,0.154,0.18,0.603,T
0.064,0.135,0.08,0.418,T
0.141,0.612,0.083,0.113,C
0.141,0.164,0.489,0.077,G
0.478,0.108,0.156,0.136,A
0.079,0.503,0.136,0.035,C
0.188,0.014,0.447,0.166,G
0.195,0.086,0.652,0.066,G
0.013,0.378,0.186,0.169,C
0.635,0.149,0.045,0.137,A
0.073,0.179,0.087,0.332,T
0.019,0.101,0.649,0.117,G
0.095,0.152,0.472,0.095,G
0.092,0.166,0.671,0.067,G
0.181,0.141,0.052,0.63,T
0.198,0.091,0.525,0.144,G
0.087,0.117,0.15,0.343,T
0,0,0,0,N
0.61,0.179,0.019,0.02,A
0.159,0.194,0.338,0.007,G
0.63,0.07,0.118,0.055,A
0.02,0.035,0.175,0.567,T
0.145,0.115,0.084,0.595,T
0.133,0.302,0.078,0.178,C
0.011,0.141,0.036,0.364,T
0.139,0.306,0.154,0.168,C
0.158,0.66,0.044,0.162,C
0.14,0.036,0.099,0.657,T
0.084,0.164,0.364,0.071,G
0.011,0.49,0.098,0.107,C
0.105,0.127,0.004,0.341,T
0.095,0.02,0.03,0.471,T
0.194,0.376,0.044,0.062,C
0.066,0.099,0.656,0.092,G
0.094,0.094,0.606,0.157,G
0.021,0.185,0.19,0.413,T
0,0.131,0.189,0.638,T
0.318,0.005,0.145,0.043,A
0.022,0.131,0.395,0.053,G
0.187,0.044,0.52,0.087,G
0.002,0.56,0.037,0.172,C
0.478,0.017,0.033,0.072,A
0.045,0.501,0.005,0.177,C
0.119,0.549,0.185,0.124,C
0.145,0.114,0.094,0.685,T
0.69,0.148,0.188,0.139,A
0.019,0.469,0.147,0.121,C
0.033,0.559,0.152,0.182,C
0.108,0.627,0.059,0.068,C
0.199,0.461,0.038,0.07,C
0.043,0.007,0.097,0.561,T
0.051,0.169,0.022,0.646,T
0.623,0.002,0.008,0.105,A
0.173,0.116,0.639,0.013,G
0.126,0.692,0.137,0.183,C
0.138,0.019,0.169,0.682,T
0.085,0.189,0.021,0.474,T
0.55,0.187,0.009,0.122,A
0.515,0.195,0.088,0.023,A
0.171,0.649,0,0.174,C
0.132,0.088,0.12,0.646,T
0.558,0.134,0.15,0.146,A
0.651,0.027,0.19,0.024,A
0.138,0.053,0.028,0.466,T
0.024,0.578,0.051,0.046,C
0.017,0.057,0.585,0.058,G
0.573,0.026,0.132,0.046,A
0.129,0.026,0.138,0.099,G
0.581,0.051,0.159,0.096,A
0.186,0.027,0.638,0.151,G
0.033,0.134,0.524,0.192,G
0,0,0,0,N
0.461,0.05,0.105,0.011,A
0.077,0.193,0.037,0.607,T
0.483,0.011,0.014,0.07,A
0.487,0.099,0.164,0.035,A
0.006,0.182,0.596,0.172,G
0.07,0.379,0.138,0.07,C
0.02,0.688,0.177,0.089,C
0.173,0.056,0.401,0.115,G
0.133,0.389,0.03,0.071,C
0.039,0.022,0.6,0.112,G
0.581,0.086,0.174,0.04,A
0.16,0.064,0.338,0.005,G
0.02,0.028,0.627,0.131,G
0,0,0,0,N
0.056,0.315,0.088,0.073,C
0.034,0.028,0.683,0.051,G
0.099,0.1,0.693,0.047,G
0.164,0.187,0.154,0.435,T
0.031,0.126,0.632,0.148,G
0.189,0.186,0.006,0.578,T
0.133,0.482,0.123,0.032,C
0.016,0.135,0.35,0.152,G
0.195,0.129,0.697,0.159,G
0.645,0.177,0.024,0.091,A
0.181,0.055,0.15,0.374,T
0.035,0.042,0.086,0.382,T
0.123,0.073,0.104,0.417,T
0.035,0.06,0.411,0.102,G
0.13,0.144,0.112,0.519,T
0.031,0.186,0.086,0.665,T
0.146,0.181,0.113,0.431,T
0.166,0.018,0.159,0.655,T
0.087,0.105,0.094,0.502,T
0.503,0.04,0.026,0.137,A
0.167,0.425,0.127,0.061,C
0.193,0.396,0.071,0.067,C
0.357,0.198,0.169,0.142,A
0.131,0.157,0.087,0.45,T
0.014,0.108,0.139,0.542,T
0.112,0.177,0.188,0.357,T
0.044,0.03,0.003,0.038,A
0.164,0.127,0.117,0.42,T
0.586,0.053,0.008,0.011,A
0.117,0.079,0.539,0.013,G
0.646,0.037,0.116,0.047,A
0.085,0.054,0.115,0.614,T
0.129,0.195,0.11,0.164,C
0.168,0.003,0.379,0.123,G
0.001,0.511,0.087,0.178,C
0.486,0.154,0.018,0.042,A
0.497,0.142,0.116,0.086,A
0.677,0.053,0.136,0.153,A
0.699,0.004,0.035,0.184,A
0.169,0.091,0.157,0.369,T
0.089,0.127,0.019,0.618,T
0.085,0.378,0.09,0.067,C
0.057,0.603,0.097,0.173,C
0.13,0.089,0.319,0.046,G
0.184,0.166,0.118,0.628,T
0.029,0.181,0.54,0.126,G
0.141,0.352,0.167,0.186,C
0.11,0.09,0.415,0.197,G
0.091,0.498,0.119,0.097,C
0.052,0.043,0.487,0.138,G
0.458,0.157,0.135,0.092,A
0.124,0.421,0.154,0.186,C
0.028,0.015,0.158,0.035,G
0.198,0.615,0.032,0.195,C
0.045,0.415,0.001,0.167,C
0.182,0.018,0.134,0.491,T
0.065,0.563,0.063,0.164,C
0.429,0.002,0.081,0.14,A
0.175,0.075,0.535,0.113,G
0.665,0.16,0.061,0.165,A
0.149,0.192,0.145,0.648,T
0.133,0.098,0.38,0.166,G
0.056,0.477,0.002,0.019,C
0.303,0.049,0.021,0.086,A
0.172,0.059,0.347,0.195,G
0.131,0.032,0.648,0.121,G
0.126,0.129,0.42,0.189,G
0.061,0.02,0.174,0.058,G
0.141,0.414,0.047,0.024,C
0.188,0.024,0.481,0.179,G
0.093,0.084,0.051,0.559,T
0.127,0.484,0.128,0.154,C
0.137,0.588,0.025,0.137,C
0.006,0.152,0.471,0.144,G
0.144,0.462,0.038,0.093,C
0.116,0.113,0.148,0.689,T
0.111,0.161,0.138,0.683,T
0.19,0.159,0.464,0.13,G
0.078,0.439,0.161,0.148,C
0.092,0.588,0.011,0.095,C
0.461,0.19,0.033,0.087,A
0,0.108,0.072,0.351,T
0.191,0.106,0.032,0.65,T
0.161,0.109,0.089,0.599,T
0.41,0.107,0.199,0.071,A
0.165,0.126,0.643,0.057,G
0.159,0.193,0.019,0.488,T
0.004,0.143,0.606,0.074,G
0.036,0.005,0.145,0.629,T
0.092,0.186,0.693,0.142,G
0.443,0.024,0.126,0.086,A
0.176,0.651,0.176,0.109,C
0.01,0.078,0.555,0.075,G
0.319,0.182,0.003,0.007,A
0.024,0.127,0.398,0.07,G
0.096,0.042,0.39,0.063,G
0.066,0.004,0.358,0.169,G
0.102,0.138,0.103,0.667,T
0.183,0.687,0.066,0.072,C
0.564,0.112,0.032,0.153,A
0.176,0.114,0.132,0.391,T
0.169,0.067,0.515,0.12,G
0.323,0.04,0.019,0.165,A
0.009,0.564,0.166,0.072,C
0.046,0.017,0.142,0.446,T
0.451,0.024,0.083,0.198,A
0.077,0.111,0.017,0.548,T
0.037,0.334,0.188,0.035,C
0.012,0.469,0.185,0.021,C
0.042,0.19,0.034,0.374,T
0.121,0.111,0.168,0.698,T
0.11,0.164,0.482,0.155,G
0,0,0,0,N
0.148,0.133,0.012,0.326,T
0.579,0.027,0.026,0.08,A
0.176,0.109,0.018,0.555,T
0.153,0.143,0.577,0.081,G
0.006,0.002,0.033,0.574,T
0.664,0.026,0.106,0.033,A
0.021,0.071,0.607,0.124,G
0.131,0.082,0.649,0.021,G
0.038,0.194,0.189,0.409,T
0.035,0.391,0.046,0.188,C
0.143,0.178,0.61,0.117,G
0.1,0.162,0.173,0.622,T
0.077,0.06,0.191,0.692,T
0.529,0.167,0.158,0.046,A
0.12,0.652,0.009,0.038,C
0.446,0.074,0.063,0.136,A
0.314,0.172,0.12,0.175,A
0,0,0,0,N
0.195,0.174,0.554,0.166,G
0.119,0.2,0.179,0.099,C
0.149,0.02,0.07,0.631,T
0.055,0.012,0.049,0.668,T
0,0.138,0.184,0.17,G
0.145,0.696,0.116,0.163,C
0.137,0.428,0.108,0.05,C
0.492,0.148,0.117,0.119,A
0.117,0.414,0.066,0.107,C
0.167,0.359,0.088,0.193,C
0.152,0.067,0.568,0.15,G
0.045,0.521,0.095,0.083,C
0.188,0.399,0.143,0.05,C
0.023,0.169,0.052,0.568,T
0.055,0.156,0.108,0.307,T
0.131,0.004,0.451,0.062,G
0.598,0.161,0.173,0.193,A
0.029,0.461,0.126,0.156,C
0.635,0.126,0.147,0.11,A
0.371,0.185,0.152,0.07,A
0.199,0.697,0.182,0.056,C
0.015,0.683,0.068,0.155,C
0.002,0.546,0.111,0.02,C
0.171,0.151,0.105,0.458,T
0.085,0.071,0.387,0.068,G
0.161,0.166,0.56,0.175,G
0.111,0.001,0.388,0.027,G
0.133,0.029,0.04,0.417,T
0.31,0.034,0.082,0.011,A
0.118,0.042,0.133,0.36,T
0.162,0.686,0.117,0.058,C
0.318,0.179,0.136,0.111,A
0.169,0.699,0.091,0.073,C
0.045,0.013,0.176,0.528,T
0.034,0.578,0.06,0.163,C
0.111,0.068,0.054,0.517,T
0.677,0.188,0.157,0.186,A
0.161,0.4,0.046,0.111,C
0.425,0.064,0.082,0.199,A
0.147,0.152,0.375,0.091,G
0.066,0.126,0.084,0.124,C
0.075,0.359,0.178,0.077,C
0.06,0.038,0.122,0.678,T
0.199,0.031,0.151,0.316,T
0.331,0.115,0.131,0.042,A
0,0,0,0,N
0.109,0.191,0.14,0.402,T
0.167,0.654,0.135,0.017,C
0.11,0.005,0.186,0.458,T
0.517,0.039,0.185,0.097,A
0.074,0.014,0.543,0.122,G
0.033,0.314,0.075,0.145,C
0.103,0.477,0.098,0.159,C
0.077,0.047,0.19,0.382,T
0.127,0.573,0.141,0.047,C
0.016,0.16,0.536,0.079,G
0.099,0.327,0.012,0.117,C
0.081,0.001,0.003,0.621,T
0.436,0.119,0.138,0.057,A
0.147,0.197,0.533,0.176,G
0.045,0.1,0.309,0.169,G
0.585,0.003,0.09,0.04,A
0.023,0.026,0.505,0.079,G
0.122,0.409,0.047,0.077,C
0.154,0.114,0.676,0.181,G
0.147,0.464,0.199,0.072,C
0.035,0.134,0.107,0.403,T
0.107,0.611,0.092,0.003,C
0.145,0.073,0.423,0.039,G
0.183,0.087,0.023,0.055,A
0.068,0.065,0.153,0.573,T
0.014,0.152,0.056,0.549,T
0.019,0.333,0.186,0.079,C
0.635,0.163,0.004,0.078,A
0.03,0.362,0.132,0.05,C
0.146,0.38,0.049,0.071,C
0.399,0.046,0.053,0.067,A
0,0.048,0.574,0.064,G
0.479,0.183,0.092,0.076,A
0.131,0.555,0.139,0.1,C
0.148,0.132,0.134,0.352,T
0.653,0.094,0.064,0.042,A
0.38,0.14,0.187,0.133,A
0.148,0.083,0.094,0.186,T
0.181,0.431,0.067,0.131,C
0.007,0.014,0.688,0.061,G
0.177,0.372,0.033,0.105,C
0.128,0.068,0.116,0.386,T
0.195,0.154,0.613,0.053,G
0.066,0.032,0.315,0.182,G
0.005,0.093,0.5,0.179,G
0.07,0.014,0.597,0.104,G
0.667,0.197,0.087,0.132,A
0.401,0.113,0.114,0.194,A
0.186,0.04,0.612,0.192,G
0.191,0.441,0.112,0.038,C
0.182,0.093,0.104,0.373,T
0.026,0.005,0.363,0.089,G
0.1,0.085,0.019,0.504,T
0.068,0.508,0.095,0.029,C
0.369,0.096,0.002,0.185,A
0.356,0.128,0.175,0.081,A
0.141,0.08,0.633,0.101,G
0.199,0.15,0.402,0.094,G
0.176,0.121,0.531,0.182,G
0.112,0.514,0.197,0.114,C
0.185,0.024,0.634,0.195,G
0.332,0.102,0.064,0.025,A
0.04,0.566,0.164,0.072,C
0.163,0.148,0.446,0.179,G
0.147,0.016,0.648,0.047,G
0.174,0.163,0.561,0.181,G
0.081,0.678,0.16,0.18,C
0.169,0.121,0.36,0.14,G
0.699,0.098,0.067,0.117,A
0.679,0.119,0.144,0.061,A
0.392,0.156,0.03,0.108,A
0.154,0.584,0.107,0.124,C
0.164,0.033,0.374,0.057,G
0.003,0.176,0.126,0.55,T
0.124,0.065,0.516,0.153,G
0.048,0.068,0.491,0.119,G
0.146,0.392,0.137,0.183,C
0.142,0.482,0.004,0.089,C
0.089,0.049,0.028,0.099,T
0.557,0.105,0.118,0.017,A
0.37,0.037,0.19,0.071,A
0.068,0.118,0.083,0.693,T
0.533,0.175,0.173,0.127,A
0.102,0.673,0.162,0.127,C
0.134,0.132,0.13,0.139,T
0.06,0.031,0.345,0.103,G
0.118,0.5,0.168,0.072,C
0.654,0.121,0.129,0.071,A
0.058,0.381,0.032,0.008,C
0.369,0.148,0.179,0.168,A
0.171,0.084,0.076,0.484,T
0.132,0.125,0.085,0.012,A
0.171,0.19,0.151,0.319,T
0.007,0.672,0.17,0.184,C
0.176,0.065,0.522,0.058,G
0.179,0.029,0.429,0.075,G
0.175,0.098,0.091,0.32,T
0.367,0.078,0.067,0.044,A
0.008,0.124,0.126,0.535,T
0.013,0.193,0.114,0.546,T
0.198,0.349,0.049,0.02,C
0.172,0.42,0.08,0.07,C
0.071,0.675,0.015,0.001,C
0.111,0.558,0.194,0.027,C
0.647,0.037,0.001,0.165,A
0.053,0.131,0.097,0.686,T
0.147,0.103,0.413,0.159,G
0.002,0.122,0.003,0.545,T
0.144,0.07,0.553,0.145,G
0.666,0.172,0.148,0.021,A
0.092,0.572,0.166,0.026,C
0.05,0.195,0.198,0.429,T
0.196,0.025,0.194,0.447,T
0.544,0.095,0.06,0.149,A
0.055,0.08,0.56,0.098,G
0.494,0.195,0.147,0.03,A
0.356,0.159,0.013,0.035,A
0.112,0.152,0.182,0.507,T
0.16,0.174,0.05,0.065,C
0.163,0.09,0.599,0.15,G
0.132,0.105,0.188,0.648,T
0.1,0.496,0.133,0.012,C
0.057,0.099,0.535,0.154,G
0.04,0.467,0.106,0.091,C
0.043,0.006,0.57,0.158,G
0.037,0.052,0.55,0.05,G
0.158,0.54,0.081,0.103,C
0.176,0.083,0.116,0.345,T
0.056,0.561,0.084,0.075,C
0.165,0.154,0.349,0.177,G
0.402,0.132,0.193,0.078,A
0.517,0.136,0.044,0.104,A
0.012,0.13,0.175,0.7,T
0.159,0.044,0.192,0.58,T
0.046,0.135,0.553,0.07,G
0.005,0.128,0.651,0.132,G
0.195,0.141,0.647,0.005,G
0.147,0.06,0.046,0.525,T
0.173,0.128,0.1,0.318,T
0.05,0.072,0.521,0.084,G
0.161,0.416,0.153,0.172,C
0.173,0.7,0.093,0.073,C
0.152,0.198,0.587,0.099,G
0.098,0.183,0.094,0.663,T
0.166,0.145,0.31,0.075,G
0.198,0.438,0.037,0.105,C
0.137,0.162,0.026,0.549,T
0.125,0.137,0.382,0.052,G
0.087,0.354,0.169,0.077,C
0.124,0.485,0.012,0.172,C
0.192,0.18,0.062,0.404,T
0.668,0.133,0.029,0.192,A
0.44,0.186,0.12,0.013,A
0.522,0.045,0.175,0.08,A
0.675,0.182,0.057,0.179,A
0.148,0.043,0.392,0.074,G
0.595,0.064,0.131,0.094,A
0,0.082,0.401,0.171,G
0.026,0.513,0.127,0.11,C
0.694,0.177,0.193,0.044,A
0.528,0.043,0.06,0.172,A
0.138,0.077,0.321,0.045,G
0.136,0.156,0.437,0.044,G
0.005,0.087,0.571,0.093,G
0.322,0.043,0.136,0.186,A
0.135,0.463,0.036,0.075,C
0.061,0.45,0.117,0.176,C
0.149,0.111,0.484,0.016,G
0.021,0.427,0.197,0.121,C
0.199,0.179,0.688,0.186,G
0.443,0.056,0.174,0.023,A
0,0,0,0,N
0.134,0.563,0.148,0.171,C
0.193,0.028,0.041,0.386,T
0.099,0.402,0.147,0.039,C
0.618,0.131,0.13,0.141,A
0.113,0.116,0.045,0.492,T
0.046,0.01,0.5,0.157,G
0.164,0.155,0.325,0.14,G
0.121,0.087,0.314,0.041,G
0.529,0.185,0.179,0.125,A
0.135,0.031,0.156,0.356,T
0.097,0.326,0.12,0.165,C
0.016,0.096,0.638,0.102,G
0.177,0.674,0.121,0.176,C
0.142,0.144,0.152,0.082,G
0.058,0.104,0.341,0.118,G
0.638,0.02,0.048,0.155,A
0.101,0.014,0.179,0.008,G
0.158,0.411,0.028,0.098,C
0.68,0.117,0.078,0.109,A
0.16,0.12,0.482,0,G
0.005,0.164,0.311,0.191,G
0.188,0.07,0.611,0.055,G
0.03,0.18,0,0.586,T
0.334,0.015,0.067,0.126,A
0.183,0.527,0.148,0.019,C
0.337,0.061,0.044,0.166,A
0.07,0.094,0.042,0.355,T
0.033,0.05,0.163,0.401,T
0.145,0.459,0.147,0.195,C
0.64,0.18,0.19,0.185,A
0.121,0.679,0.042,0.183,C
0,0,0,0,N
0.143,0.112,0.479,0.125,G
0.025,0.013,0.043,0.382,T
0.685,0.006,0.163,0.072,A
0.184,0.672,0.136,0.062,C
0.642,0.181,0.077,0.06,A
0.164,0.022,0.006,0.568,T
0.127,0.55,0.011,0.189,C
0.496,0.073,0.129,0.136,A
0.004,0.016,0.627,0.089,G
0.671,0.13,0.183,0.005,A
0.029,0.092,0.384,0.011,G
0.549,0.104,0.128,0.13,A
0.366,0.012,0.075,0.085,A
0.025,0.196,0.323,0.159,G
0.058,0.087,0.136,0.491,T
0.034,0.059,0.126,0.431,T
0.195,0.18,0.086,0.606,T
0.023,0.496,0.174,0.078,C
0.378,0.079,0.163,0.097,A
0.131,0.01,0.536,0.173,G
0.081,0.052,0.14,0.563,T
0.004,0.065,0.332,0.118,G
0.143,0.065,0.332,0.008,G
0.005,0.189,0.003,0.396,T
0.052,0.058,0.41,0.028,G
0.071,0.166,0.19,0.605,T
0.099,0.157,0.381,0.169,G
0.194,0.681,0.048,0.173,C
0.03,0.186,0.188,0.583,T
0.464,0.058,0.039,0.071,A
0.359,0.157,0.12,0.138,A
0.171,0.083,0.005,0.366,T
0.033,0.036,0.198,0.552,T
0.09,0.186,0.128,0.521,T
0.096,0.058,0.169,0.618,T
0.199,0.474,0.134,0.034,C
0.118,0.557,0.102,0.033,C
0.141,0.193,0.101,0.578,T
0.036,0.359,0.127,0.09,C
0.064,0.441,0.094,0.037,C
0.039,0.355,0.171,0.102,C
0.512,0.17,0.143,0.175,A
0.061,0.412,0.093,0.012,C
0.113,0.476,0.151,0.005,C
0.096,0.197,0.479,0.165,G
0.095,0.079,0.167,0.356,T
0.088,0.114,0.678,0.038,G
0.049,0.107,0.039,0.389,T
0.106,0.057,0.088,0.47,T
0.043,0.153,0.432,0.11,G
0.02,0.161,0.091,0.395,T
0.193,0.08,0.191,0.502,T
0.141,0.49,0.157,0.024,C
0.018,0.328,0.084,0.137,C
0.095,0.692,0.075,0.179,C
0.114,0.031,0.539,0.192,G
0.143,0.146,0.024,0.471,T
0.693,0.083,0.043,0.01,A
0.061,0.008,0.185,0.335,T
0.022,0.078,0.335,0.061,G
0.07,0.093,0.66,0.154,G
0.151,0.182,0.317,0.014,G
0.095,0.341,0.091,0.115,C
0.415,0.154,0.144,0.006,A
0.049,0.093,0.423,0.079,G
0.472,0.098,0.028,0.073,A
0.561,0.193,0.009,0.011,A
0.167,0.555,0.095,0.074,C
0.051,0.186,0.007,0.634,T
0.623,0.044,0.137,0.114,A
0.039,0.564,0.107,0.175,C
0.019,0.464,0.075,0.089,C
0.053,0.186,0.183,0.545,T
0.04,0.085,0.105,0.39,T
0.193,0.001,0.308,0.177,G
0.083,0.021,0.6,0.189,G
0.025,0.112,0.643,0.165,G
0,0,0,0,N
0.169,0.093,0.661,0.091,G
0.092,0.133,0.589,0.03,G
0.002,0.167,0.002,0.657,T
0.135,0.171,0.629,0.108,G
0.017,0.128,0.545,0.094,G
0.091,0.614,0.013,0.036,C
0.104,0.142,0.322,0.163,G
0.16,0.197,0.171,0.358,T
0.172,0.59,0.012,0.064,C
0.534,0.157,0.079,0.027,A
0.371,0.063,0.105,0.175,A
0.012,0.033,0.43,0.094,G
0.159,0.445,0.186,0.125,C
0,0,0,0,N
0.465,0.032,0.049,0.155,A
0.152,0.008,0.165,0.492,T
0.172,0.174,0.419,0.126,G
0.199,0.32,0.01,0.025,C
0.677,0.197,0.033,0.005,A
0.193,0.18,0.182,0.634,T
0.109,0.187,0.174,0.66,T
0.173,0.068,0.01,0.567,T
0.177,0.059,0.171,0.67,T
0.19,0.172,0.389,0.042,G
0.185,0.144,0.034,0.42,T
0.163,0.081,0.532,0.072,G
0.005,0.102,0.684,0.121,G
0.15,0.19,0.591,0.047,G
0.059,0.177,0.067,0.083,C
0.174,0.136,0.109,0.344,T
0.108,0.058,0.026,0.451,T
0.076,0.1,0.19,0.507,T
0.111,0.088,0.047,0.605,T
0.092,0.107,0.498,0.078,G
0,0,0,0,N
0.011,0.154,0.51,0.062,G
0.339,0.075,0.018,0.137,A
0.048,0.422,0.102,0.038,C
0.164,0.034,0.443,0.167,G
0.042,0.338,0.014,0.001,C
0.006,0.628,0.128,0.096,C
0.326,0.084,0.094,0.163,A
0.195,0.348,0.126,0.17,C
0.119,0.083,0.164,0.488,T
0.497,0.175,0.164,0.047,A
0.02,0.486,0.147,0.066,C
0.011,0.17,0.072,0.41,T
0.542,0.106,0.061,0.142,A
0.117,0.556,0.049,0.019,C
0.063,0.022,0.37,0.043,G
0.19,0.535,0.082,0.019,C
0.02,0.063,0.104,0.666,T
0.464,0.08,0.091,0.079,A
0.115,0.001,0.6,0.082,G
0.055,0.1,0.011,0.666,T
0.193,0.021,0.015,0.644,T
0.195,0.643,0.109,0.028,C
0.096,0.055,0.666,0.083,G
0.167,0.073,0.451,0.111,G
0.101,0.391,0.114,0.137,C
0.665,0.058,0.072,0.086,A
0.053,0.17,0.542,0.012,G
0.06,0.006,0.024,0.43,T
0.017,0.334,0.199,0.195,C
0,0,0,0,N
0.13,0.053,0.314,0.002,G
0.059,0.466,0.107,0.004,C
0.12,0.153,0.639,0.184,G
0.196,0.175,0.055,0.358,T
0.186,0.155,0.576,0.072,G
0.16,0.465,0.129,0.094,C
0.051,0.506,0.192,0.126,C
0.403,0.12,0.17,0.03,A
0.158,0.104,0.079,0.411,T
0.394,0.05,0.034,0.136,A
0.138,0.052,0.016,0.378,T
0.189,0.072,0.164,0.324,T
0.049,0.079,0.153,0.609,T
0.021,0.197,0.019,0.561,T
0.581,0.091,0.191,0.011,A
0.601,0.064,0.02,0.158,A
0.55,0.041,0.103,0.143,A
0.197,0.154,0.63,0.11,G
0.554,0.154,0.188,0.022,A
0.04,0.524,0.12,0.043,C
0.141,0.033,0.569,0.169,G
0.044,0.03,0.195,0.665,T
0.176,0.478,0.097,0.007,C
0.196,0.062,0.043,0.399,T
0.034,0.149,0.609,0.159,G
0.002,0.387,0.112,0.047,C
0.063,0.65,0.054,0.072,C
0.052,0.155,0.192,0.598,T
0.069,0.023,0.086,0.565,T
0.162,0.453,0.167,0.181,C
0.027,0.009,0.695,0.19,G
0.082,0.006,0.067,0.59,T
0.121,0.594,0.168,0.086,C
0.647,0.03,0.03,0.193,A
0.147,0.054,0.002,0.658,T
0.563,0.007,0.029,0.042,A
0.539,0.067,0.087,0.093,A
0.095,0.11,0.126,0.379,T
0.345,0.195,0.098,0.022,A
0.142,0.387,0.187,0.055,C
0.021,0.62,0.179,0.087,C
0.06,0.101,0.387,0.154,G
0.069,0.402,0.005,0.169,C
0.197,0.1,0.14,0.453,T
0.575,0.196,0.068,0.11,A
0.025,0.169,0.042,0.509,T
0.157,0.053,0.017,0.332,T
0.155,0.047,0.021,0.659,T
0.021,0.087,0.321,0.058,G
0.04,0.493,0.098,0.033,C
0.42,0.192,0.061,0.149,A
0.347,0.089,0.17,0.193,A
0.124,0.05,0.169,0.545,T
0.049,0.393,0.137,0.029,C
0.113,0.17,0.032,0.369,T
0.036,0.491,0.162,0.159,C
0.427,0.105,0.081,0.138,A
0.03,0.508,0.09,0.046,C
0.05,0.395,0.157,0.156,C
0.095,0.583,0.108,0.069,C
0.651,0.056,0.106,0.142,A
0.175,0.163,0.198,0.429,T
0.529,0.041,0.001,0.161,A
0.175,0.467,0.08,0.176,C
0.102,0.01,0.697,0.074,G
0.129,0.437,0.13,0.012,C
0.066,0.586,0.047,0.168,C
0.052,0.632,0.199,0.025,C
0.095,0.135,0.624,0.085,G
0.061,0.026,0.662,0.198,G
0.476,0.033,0.033,0.151,A
0.174,0.376,0.058,0.096,C
0.634,0.079,0.196,0.026,A
0.093,0.484,0.11,0.184,C
0.002,0.682,0.196,0.194,C
0.176,0.127,0.178,0.175,G
0.324,0.004,0.169,0.092,A
0.168,0.155,0.138,0.596,T
0.03,0.029,0.127,0.452,T
0.002,0.339,0.108,0.097,C
0.621,0.083,0.194,0.12,A
0.599,0.014,0.161,0.103,A
0.135,0.017,0.348,0.084,G
0.148,0.054,0.082,0.54,T
0.01,0.175,0.312,0.112,G
0.18,0.429,0.116,0.179,C
0.175,0.043,0.172,0.36,T
0.006,0.187,0.016,0.551,T
0.006,0.118,0.491,0.06,G
0.14,0.052,0.056,0.514,T
0.133,0.668,0.083,0.076,C
0.031,0.571,0.049,0.16,C
0.127,0.06,0.663,0.085,G
0.156,0.664,0.056,0.133,C
0.046,0.045,0.666,0.168,G
0,0,0,0,N
0.037,0.111,0.138,0.484,T
0.067,0.157,0.116,0.68,T
0.018,0.143,0.563,0.111,G
0.067,0.157,0.001,0.43,T
0.109,0.096,0.345,0.006,G
0.527,0.031,0.079,0.102,A
0.634,0.157,0.038,0.169,A
0.421,0.145,0.194,0.005,A
0.176,0.632,0.023,0.113,C
0.01,0.002,0.193,0.656,T
0.066,0.45,0.185,0.195,C
0.143,0.412,0.094,0.011,C
0.114,0.162,0.559,0.191,G
0.014,0.022,0.027,0.513,T
0.061,0.39,0.047,0.138,C
0.636,0.108,0.093,0.082,A
0.563,0.172,0.069,0.16,A
0.152,0.138,0.195,0.662,T
0.183,0.052,0.1,0.516,T
0.074,0.031,0.047,0.689,T
0.134,0.585,0.056,0.045,C
0.114,0.171,0.415,0.112,G
0.518,0.167,0.096,0.013,A
0.147,0.311,0.073,0.069,C
0.136,0.006,0.006,0.308,T
0.003,0.312,0.064,0.026,C
0.611,0.14,0.066,0.027,A
0,0,0,0,N
0.141,0.162,0.112,0.483,T
0.068,0.423,0.086,0.065,C
0.316,0.136,0.1,0.025,A
0.137,0.013,0.674,0.093,G
0.135,0.032,0.366,0.146,G
0.339,0.115,0.003,0.16,A
0.17,0.135,0.464,0.121,G
0.073,0.001,0.573,0.008,G
0.439,0.029,0.179,0.156,A
0.015,0.051,0.536,0.038,G
0.138,0.006,0.619,0.129,G
0.016,0.174,0.623,0.103,G
0.582,0.029,0.018,0.059,A
0.066,0.14,0.114,0.371,T
0.609,0.102,0.136,0.187,A
0.008,0.175,0.333,0.104,G
0.167,0.103,0.606,0.028,G
0.021,0.178,0.6,0.153,G
0.186,0.136,0.087,0.576,T
0.013,0.346,0.078,0.064,C
0.574,0.107,0.066,0.132,A
0.144,0.041,0.618,0.032,G
0.102,0.187,0.181,0.081,C
0.19,0.086,0.064,0.333,T
0.1,0.147,0.158,0.625,T
0.123,0.169,0.135,0.534,T
0.134,0.089,0.123,0.073,A
0.001,0.685,0.163,0.123,C
0.149,0.578,0.065,0.055,C
0.126,0.123,0.487,0.128,G
0.116,0.165,0.362,0.192,G
0.185,0.526,0.162,0.183,C
0.096,0.123,0.455,0.026,G
0.025,0.428,0.002,0.023,C
0.061,0.329,0.138,0.157,C
0.63,0.15,0.051,0.085,A
0.149,0.072,0.049,0.405,T
0.485,0.041,0.161,0.099,A
0.056,0.18,0.331,0.155,G
0.151,0.051,0.498,0.015,G
0.486,0.055,0.014,0.063,A
0.124,0.199,0.119,0.427,T
0.491,0.15,0.135,0.132,A
0.18,0.046,0.178,0.45,T
0.187,0.035,0.033,0.315,T
0.091,0.048,0.012,0.399,T
0.028,0.309,0.021,0.095,C
0.354,0.035,0.021,0.051,A
0.118,0.451,0.149,0.042,C
0.029,0.083,0.135,0.657,T
0.123,0.16,0.339,0.023,G
0.029,0.548,0.017,0.03,C
0.036,0.196,0.444,0.166,G
0.16,0.548,0.135,0.047,C
0.132,0.03,0.312,0.067,G
0.02,0.197,0.072,0.399,T
0.618,0.03,0.095,0.077,A
0.075,0.34,0.033,0.171,C
0.163,0.388,0.022,0.189,C
0.128,0.584,0.121,0.154,C
0.099,0.144,0.161,0.374,T
0.103,0.107,0.085,0.536,T
0.132,0.511,0.11,0.037,C
0.188,0.082,0.521,0.065,G
0.2,0.186,0.033,0.591,T
0.034,0.637,0.059,0.179,C
0.091,0.161,0.115,0.63,T
0.079,0.057,0.051,0.41,T
0.178,0.358,0.144,0.037,C
0.109,0.102,0.168,0.45,T
0.067,0.065,0.49,0.185,G
0.188,0.304,0.081,0.169,C
0.125,0.168,0.071,0.592,T
0.159,0.114,0.423,0.02,G
0.699,0.033,0.029,0.089,A
0.521,0.135,0.057,0.007,A
0.171,0.007,0.472,0.159,G
0.185,0.473,0.046,0.193,C
0.132,0.647,0.056,0.01,C
0,0,0,0,N
0.622,0.13,0.157,0.147,A
0.169,0.198,0.095,0.31,T
0.085,0.642,0.137,0.127,C
0.197,0.113,0.141,0.512,T
0.189,0.143,0.093,0.439,T
0.323,0.137,0.003,0.07,A
0.651,0.073,0.034,0.156,A
0.116,0.408,0.082,0.033,C
0.074,0.158,0.16,0.531,T
0,0,0,0,N
0.049,0.154,0.192,0.444,T
0.074,0.613,0.051,0.034,C
0.101,0.562,0.173,0.18,C
0.173,0.184,0.137,0.322,T
0.053,0.437,0.073,0.196,C
0.184,0.035,0.008,0.362,T
0.189,0.44,0.027,0.137,C
0.633,0.182,0.06,0.124,A
0.028,0.147,0.098,0.381,T
0.007,0.095,0.487,0.14,G
0.421,0.021,0.154,0.073,A
0.022,0.026,0.511,0.13,G
0,0,0,0,N
0.181,0.038,0.439,0.049,G
0.117,0.021,0.319,0.097,G
0.147,0.148,0.073,0.548,T
0.103,0.025,0.125,0.435,T
0.023,0.623,0.188,0.185,C
0.669,0.034,0.191,0.199,A
0.005,0.148,0.581,0.144,G
0.061,0.185,0.097,0.527,T
0.106,0.179,0.559,0.089,G
0.074,0.655,0.105,0.16,C
0.093,0.143,0.568,0.169,G
0.052,0.448,0.031,0.08,C
0.178,0.518,0.112,0.096,C
0.153,0.1,0.183,0.529,T
0.442,0.075,0.105,0.047,A
0.083,0.162,0.315,0.071,G
0.067,0.048,0.654,0.09,G
0.09,0.618,0.04,0.019,C
0.051,0.507,0.116,0.137,C
0.037,0.057,0.15,0.446,T
0.054,0.572,0.151,0.014,C
0.124,0.492,0.103,0.183,C
0.048,0.304,0.051,0.009,C
0.138,0.112,0.493,0.193,G
0.126,0.177,0.353,0.199,G
0.002,0.633,0.149,0.196,C
0.01,0.329,0.188,0.075,C
0.016,0.003,0.66,0.019,G
0.689,0.154,0.192,0.001,A
0.034,0.349,0.071,0.012,C
0.031,0.469,0.157,0.08,C
0.145,0.034,0.657,0.185,G
0.408,0.045,0.032,0.014,A
0.042,0.01,0.155,0.343,T
0.069,0.68,0.017,0.169,C
0.043,0.168,0.132,0.445,T
0.152,0.069,0.053,0.542,T
0.668,0.115,0.001,0.147,A
0.684,0.01,0.099,0.183,A
0.15,0.098,0.097,0.482,T
0.088,0.092,0.128,0.544,T
0,0,0,0,N
0.603,0.043,0.033,0.142,A
0.12,0.153,0.55,0.007,G
0.057,0.18,0.119,0.615,T
0.181,0.061,0.171,0.687,T
0.155,0.02,0.027,0.19,T
0.082,0.535,0.2,0.041,C
0.101,0.44,0.166,0.02,C
0.193,0.113,0.09,0.461,T
0.156,0.087,0.19,0.592,T
0.2,0.685,0.101,0.176,C
0.559,0.085,0.072,0.007,A
0.108,0.09,0.381,0.028,G
0.155,0.532,0.019,0.151,C
0.689,0.071,0.094,0.104,A
0.44,0.181,0.138,0.108,A
0.394,0.073,0.158,0.15,A
0.173,0.043,0.16,0.406,T
0.085,0.012,0.013,0.621,T
0.46,0.142,0.183,0.128,A
0.155,0.022,0.486,0.037,G
0.195,0.127,0.578,0.124,G
0.161,0.584,0.02,0.133,C
0.078,0.127,0.107,0.528,T
0.071,0.368,0.052,0.058,C
0.027,0.083,0.375,0.151,G
0.165,0.645,0.148,0.124,C
0.175,0.592,0.043,0.023,C
0.15,0.637,0.069,0.117,C
0.102,0.113,0.185,0.596,T
0.169,0.317,0.181,0.05,C
0.037,0.595,0.161,0.055,C
0.634,0.027,0.057,0.19,A
0.508,0.019,0.002,0.11,A
0.311,0.019,0.178,0.099,A
0.386,0.065,0.089,0.108,A
0.145,0.13,0.156,0.434,T
0.612,0.193,0.191,0.142,A
0.476,0.186,0.165,0.1,A
0.185,0.019,0.173,0.571,T
0.035,0.112,0.096,0.685,T
0.318,0.134,0.095,0.186,A
0.141,0.114,0.192,0.414,T
0.432,0.02,0,0.014,A
0.009,0.554,0.015,0.174,C
0.55,0.041,0.132,0.028,A
0.073,0.311,0.159,0.008,C
0.096,0.039,0.322,0.061,G
0.024,0.414,0.1,0.087,C
0.371,0.069,0.139,0.11,A
0.668,0.183,0.14,0.106,A
0.543,0.12,0.137,0.053,A
0,0,0,0,N
0.013,0.325,0.06,0.015,C
0.005,0.079,0.647,0.103,G
0.396,0.103,0.128,0.092,A
0.646,0.128,0.16,0.042,A
0.189,0.588,0.155,0.126,C
0.067,0.119,0.49,0.153,G
0.165,0.043,0.151,0.048,A
0.142,0.058,0.19,0.559,T
0.574,0.161,0.11,0.139,A
0.178,0.05,0.185,0.341,T
0,0,0,0,N
0.382,0.065,0.036,0.078,A
0.185,0.016,0.159,0.31,T
0.546,0.043,0.166,0.03,A
0.125,0.082,0.184,0.496,T
0.081,0.585,0.103,0.095,C
0.011,0.657,0.19,0.063,C
0.178,0.082,0.542,0.152,G
0.167,0.033,0.517,0.11,G
0.189,0.165,0.343,0.102,G
0.186,0.091,0.025,0.444,T
0.65,0.117,0.036,0.002,A
0.027,0.142,0.072,0.348,T
0.004,0.073,0.172,0.583,T
0.033,0.052,0.005,0.592,T
0.074,0.193,0.647,0.108,G
0.178,0.395,0.042,0.04,C
0.164,0.484,0.089,0.059,C
0.171,0.053,0.628,0.114,G
0.128,0.346,0.079,0.119,C
0.17,0.089,0.438,0.186,G
0.17,0.413,0.025,0.165,C
0.195,0.405,0.059,0.083,C
0.163,0.188,0.389,0.158,G
0.181,0.14,0.064,0.604,T
0.534,0.032,0.026,0.175,A
0.104,0.178,0.181,0.491,T
0.693,0.048,0.022,0.001,A
0.03,0.563,0.114,0.154,C
0.496,0.136,0.068,0.005,A
0.1,0.001,0.383,0.155,G
